nortonface_norton_frame03603.jpg,[0.14399077]
nortonface_norton_frame03604.jpg,[0.4408233]
nortonface_norton_frame03605.jpg,[0.17765896]
nortonface_norton_frame03606.jpg,[0.29722768]
nortonface_norton_frame03607.jpg,[0.11641881]
nortonface_norton_frame03608.jpg,[0.1759532]
nortonface_norton_frame03609.jpg,[0.27755594]
nortonface_norton_frame03610.jpg,[0.24949814]
nortonface_norton_frame03611.jpg,[0.2971164]
nortonface_norton_frame03612.jpg,[0.27223712]
nortonface_norton_frame03613.jpg,[0.3196322]
nortonface_norton_frame03614.jpg,[0.3777869]
nortonface_norton_frame03615.jpg,[0.46606693]
nortonface_norton_frame03616.jpg,[0.32359436]
nortonface_norton_frame03617.jpg,[0.24586366]
nortonface_norton_frame03618.jpg,[0.1932808]
nortonface_norton_frame03619.jpg,[0.1468734]
nortonface_norton_frame03620.jpg,[0.39705002]
nortonface_norton_frame03621.jpg,[0.36012518]
nortonface_norton_frame03632.jpg,[0.32033232]
nortonface_norton_frame03633.jpg,[0.07999482]
nortonface_norton_frame03634.jpg,[0.307364]
nortonface_norton_frame03635.jpg,[0.20149717]
nortonface_norton_frame03636.jpg,[0.32365182]
nortonface_norton_frame03637.jpg,[0.40404212]
nortonface_norton_frame03638.jpg,[0.41192147]
nortonface_norton_frame03639.jpg,[0.3147715]
nortonface_norton_frame03640.jpg,[0.569021]
nortonface_norton_frame03641.jpg,[0.39455476]
nortonface_norton_frame03642.jpg,[0.45153895]
nortonface_norton_frame03643.jpg,[0.46380973]
nortonface_norton_frame03644.jpg,[0.35835403]
nortonface_norton_frame03645.jpg,[0.36301303]
nortonface_norton_frame03646.jpg,[0.41737568]
nortonface_norton_frame03647.jpg,[0.4835554]
nortonface_norton_frame03648.jpg,[0.44633046]
nortonface_norton_frame03649.jpg,[0.32423344]
nortonface_norton_frame03650.jpg,[0.26961213]
nortonface_norton_frame03651.jpg,[0.14258905]
nortonface_norton_frame03652.jpg,[0.1173758]
nortonface_norton_frame03653.jpg,[0.15244187]
nortonface_norton_frame03654.jpg,[0.13358079]
nortonface_norton_frame03655.jpg,[0.21730372]
nortonface_norton_frame03656.jpg,[0.33460715]
nortonface_norton_frame03657.jpg,[0.38170084]
nortonface_norton_frame03658.jpg,[0.3350661]
nortonface_norton_frame03659.jpg,[0.27638203]
nortonface_norton_frame03660.jpg,[0.35729516]
nortonface_norton_frame03661.jpg,[0.36078057]
nortonface_norton_frame03662.jpg,[0.3168334]
nortonface_norton_frame03663.jpg,[0.41681406]
nortonface_norton_frame03664.jpg,[0.3081959]
nortonface_norton_frame03665.jpg,[0.37401518]
nortonface_norton_frame03666.jpg,[0.4408229]
nortonface_norton_frame03667.jpg,[0.34605148]
nortonface_norton_frame03668.jpg,[0.47156987]
nortonface_norton_frame03669.jpg,[0.44023073]
nortonface_norton_frame03670.jpg,[0.4432364]
nortonface_norton_frame03671.jpg,[0.3539948]
nortonface_norton_frame03672.jpg,[0.37722453]
nortonface_norton_frame03673.jpg,[0.24677812]
nortonface_norton_frame03674.jpg,[0.1675232]
nortonface_norton_frame03675.jpg,[0.27258936]
nortonface_norton_frame03676.jpg,[0.223942]
nortonface_norton_frame03677.jpg,[0.3704265]
nortonface_norton_frame03678.jpg,[0.4304149]
nortonface_norton_frame03679.jpg,[0.27676272]
nortonface_norton_frame03680.jpg,[0.3894544]
nortonface_norton_frame03681.jpg,[0.30041602]
nortonface_norton_frame03682.jpg,[0.298421]
nortonface_norton_frame03683.jpg,[0.31801128]
nortonface_norton_frame03684.jpg,[0.37173805]
nortonface_norton_frame03685.jpg,[0.283502]
nortonface_norton_frame03686.jpg,[0.3149218]
nortonface_norton_frame03687.jpg,[0.3604586]
nortonface_norton_frame03688.jpg,[0.34405705]
nortonface_norton_frame03689.jpg,[0.3913829]
nortonface_norton_frame03690.jpg,[0.33995807]
nortonface_norton_frame03691.jpg,[0.23144852]
nortonface_norton_frame03692.jpg,[0.3621697]
nortonface_norton_frame03693.jpg,[0.37910807]
nortonface_norton_frame03694.jpg,[0.48135585]
nortonface_norton_frame03695.jpg,[0.47593066]
nortonface_norton_frame03696.jpg,[0.48107466]
nortonface_norton_frame03697.jpg,[0.42075413]
nortonface_norton_frame03743.jpg,[0.29535523]
nortonface_norton_frame03744.jpg,[0.3294756]
nortonface_norton_frame03745.jpg,[0.2988505]
nortonface_norton_frame03746.jpg,[0.20942986]
nortonface_norton_frame03747.jpg,[0.06078691]
nortonface_norton_frame03748.jpg,[0.10812687]
nortonface_norton_frame03750.jpg,[0.0721506]
nortonface_norton_frame03848.jpg,[0.28335795]
nortonface_norton_frame03849.jpg,[0.2887838]
nortonface_norton_frame03850.jpg,[0.26218128]
nortonface_norton_frame03851.jpg,[0.24393323]
nortonface_norton_frame03852.jpg,[0.240812]
nortonface_norton_frame03853.jpg,[0.2063922]
nortonface_norton_frame03855.jpg,[0.38823208]
nortonface_norton_frame03856.jpg,[0.4527618]
nortonface_norton_frame03857.jpg,[0.35264593]
nortonface_norton_frame03858.jpg,[0.37091812]
nortonface_norton_frame03859.jpg,[0.34874362]
nortonface_norton_frame03860.jpg,[0.37025532]
nortonface_norton_frame03861.jpg,[0.32735917]
nortonface_norton_frame03862.jpg,[0.2638118]
nortonface_norton_frame03863.jpg,[0.26141727]
nortonface_norton_frame03864.jpg,[0.35590246]
nortonface_norton_frame03865.jpg,[0.2590369]
nortonface_norton_frame03866.jpg,[0.33004203]
nortonface_norton_frame03867.jpg,[0.29573157]
nortonface_norton_frame03868.jpg,[0.36918423]
nortonface_norton_frame03869.jpg,[0.342626]
nortonface_norton_frame03870.jpg,[0.28643656]
nortonface_norton_frame03871.jpg,[0.24606593]
nortonface_norton_frame03872.jpg,[0.22621533]
nortonface_norton_frame03873.jpg,[0.21837832]
nortonface_norton_frame03874.jpg,[0.22882585]
nortonface_norton_frame03875.jpg,[0.23412225]
nortonface_norton_frame03876.jpg,[0.2980055]
nortonface_norton_frame03877.jpg,[0.32267645]
nortonface_norton_frame03878.jpg,[0.22529358]
nortonface_norton_frame03879.jpg,[0.35473576]
nortonface_norton_frame03880.jpg,[0.2962431]
nortonface_norton_frame03881.jpg,[0.52126884]
nortonface_norton_frame03882.jpg,[0.40032864]
nortonface_norton_frame03883.jpg,[0.40454558]
nortonface_norton_frame03884.jpg,[0.43470412]
nortonface_norton_frame03885.jpg,[0.39173397]
nortonface_norton_frame03886.jpg,[0.30935547]
nortonface_norton_frame03887.jpg,[0.30030748]
nortonface_norton_frame03888.jpg,[0.30894363]
nortonface_norton_frame03889.jpg,[0.41943803]
nortonface_norton_frame03890.jpg,[0.4112406]
nortonface_norton_frame03891.jpg,[0.2885044]
nortonface_norton_frame03892.jpg,[0.30412582]
nortonface_norton_frame03893.jpg,[0.54935956]
nortonface_norton_frame03894.jpg,[0.43403518]
nortonface_norton_frame03895.jpg,[0.40001187]
nortonface_norton_frame03896.jpg,[0.46796894]
nortonface_norton_frame03897.jpg,[0.37784573]
nortonface_norton_frame03898.jpg,[0.46040934]
nortonface_norton_frame03899.jpg,[0.2160762]
nortonface_norton_frame03900.jpg,[0.14185289]
nortonface_norton_frame03901.jpg,[0.29058385]
nortonface_norton_frame03902.jpg,[0.29250234]
nortonface_norton_frame03903.jpg,[0.34360918]
nortonface_norton_frame03904.jpg,[0.2582778]
nortonface_norton_frame03905.jpg,[0.16005695]
nortonface_norton_frame03906.jpg,[0.18958122]
nortonface_norton_frame03907.jpg,[0.20040463]
nortonface_norton_frame03908.jpg,[0.4652952]
nortonface_norton_frame03909.jpg,[0.3821076]
nortonface_norton_frame03910.jpg,[0.43148124]
nortonface_norton_frame03911.jpg,[0.37593287]
nortonface_norton_frame03912.jpg,[0.31006923]
nortonface_norton_frame03913.jpg,[0.35965797]
nortonface_norton_frame03914.jpg,[0.38015163]
nortonface_norton_frame03915.jpg,[0.46826786]
nortonface_norton_frame03916.jpg,[0.25205007]
nortonface_norton_frame03917.jpg,[0.41027373]
nortonface_norton_frame03918.jpg,[0.23774296]
nortonface_norton_frame03919.jpg,[0.17109083]
nortonface_norton_frame03920.jpg,[0.16015497]
nortonface_norton_frame03921.jpg,[0.12642129]
nortonface_norton_frame03922.jpg,[0.18640576]
nortonface_norton_frame03923.jpg,[0.06060743]
nortonface_norton_frame03924.jpg,[0.09159666]
nortonface_norton_frame03925.jpg,[0.11048391]
nortonface_norton_frame03926.jpg,[0.14138588]
nortonface_norton_frame03927.jpg,[0.14307484]
nortonface_norton_frame03928.jpg,[0.121497]
nortonface_norton_frame03929.jpg,[0.3093607]
nortonface_norton_frame03931.jpg,[0.09754796]
nortonface_norton_frame03932.jpg,[0.16247898]
nortonface_norton_frame03933.jpg,[0.07944103]
nortonface_norton_frame03934.jpg,[0.08409603]
nortonface_norton_frame09620.jpg,[0.15244417]
nortonface_norton_frame09621.jpg,[0.40396026]
nortonface_norton_frame09622.jpg,[0.32062778]
nortonface_norton_frame09623.jpg,[0.5630083]
nortonface_norton_frame09626.jpg,[0.4711769]
nortonface_norton_frame09627.jpg,[0.538568]
nortonface_norton_frame09628.jpg,[0.33193022]
nortonface_norton_frame09629.jpg,[0.4211669]
nortonface_norton_frame09630.jpg,[0.38174233]
nortonface_norton_frame09631.jpg,[0.24735229]
nortonface_norton_frame09632.jpg,[0.27759013]
nortonface_norton_frame09633.jpg,[0.3605019]
nortonface_norton_frame09634.jpg,[0.32458937]
nortonface_norton_frame09635.jpg,[0.2788081]
nortonface_norton_frame09636.jpg,[0.22054476]
nortonface_norton_frame09637.jpg,[0.33817613]
nortonface_norton_frame14230.jpg,[0.3744688]
nortonface_norton_frame14232.jpg,[0.3491309]
nortonface_norton_frame14233.jpg,[0.44747218]
nortonface_norton_frame14234.jpg,[0.3430122]
nortonface_norton_frame14389.jpg,[0.18200055]
nortonface_norton_frame14391.jpg,[0.12426046]
nortonface_norton_frame14392.jpg,[0.18770306]
nortonface_norton_frame14395.jpg,[0.25263238]
nortonface_norton_frame14396.jpg,[0.31893915]
nortonface_norton_frame14397.jpg,[0.1918478]
nortonface_norton_frame14398.jpg,[0.32447758]
nortonface_norton_frame14399.jpg,[0.29069474]
nortonface_norton_frame14400.jpg,[0.22377697]
nortonface_norton_frame14453.jpg,[0.1988903]
nortonface_norton_frame14455.jpg,[0.2911514]
nortonface_norton_frame14456.jpg,[0.14826281]
nortonface_norton_frame14462.jpg,[0.15978356]
nortonface_norton_frame14463.jpg,[0.15249193]
nortonface_norton_frame14465.jpg,[0.25540683]
nortonface_norton_frame14466.jpg,[0.25817165]
nortonface_norton_frame14480.jpg,[0.18595684]
nortonface_norton_frame14481.jpg,[0.3735189]
nortonface_norton_frame14482.jpg,[0.30116138]
nortonface_norton_frame14483.jpg,[0.46004507]
nortonface_norton_frame14484.jpg,[0.39351925]
nortonface_norton_frame14485.jpg,[0.32987595]
nortonface_norton_frame14486.jpg,[0.35435605]
nortonface_norton_frame14487.jpg,[0.3627435]
nortonface_norton_frame14503.jpg,[0.2702862]
nortonface_norton_frame14504.jpg,[0.22021708]
nortonface_norton_frame14505.jpg,[0.18594341]
nortonface_norton_frame14506.jpg,[0.25025922]
nortonface_norton_frame14507.jpg,[0.5164388]
nortonface_norton_frame14508.jpg,[0.5507281]
nortonface_norton_frame14509.jpg,[0.4334988]
nortonface_norton_frame14510.jpg,[0.36470488]
nortonface_norton_frame14511.jpg,[0.50408256]
nortonface_norton_frame14512.jpg,[0.29677904]
nortonface_norton_frame14513.jpg,[0.34701937]
nortonface_norton_frame14514.jpg,[0.33073816]
nortonface_norton_frame14515.jpg,[0.25735393]
nortonface_norton_frame14576.jpg,[0.24838118]
nortonface_norton_frame14577.jpg,[0.16189404]
nortonface_norton_frame14578.jpg,[0.2198159]
nortonface_norton_frame14579.jpg,[0.23397568]
nortonface_norton_frame14580.jpg,[0.23088272]
nortonface_norton_frame14581.jpg,[0.19972135]
nortonface_norton_frame14582.jpg,[0.1852812]
nortonface_norton_frame14583.jpg,[0.1277008]
nortonface_norton_frame14584.jpg,[0.14163937]
nortonface_norton_frame14585.jpg,[0.22454591]
nortonface_norton_frame14586.jpg,[0.24008876]
nortonface_norton_frame14587.jpg,[0.21691716]
nortonface_norton_frame14588.jpg,[0.26704326]
nortonface_norton_frame14589.jpg,[0.25297773]
nortonface_norton_frame14590.jpg,[0.20432809]
nortonface_norton_frame14591.jpg,[0.16170901]
nortonface_norton_frame14592.jpg,[0.15846238]
nortonface_norton_frame14593.jpg,[0.18006031]
nortonface_norton_frame14594.jpg,[0.22118105]
nortonface_norton_frame14595.jpg,[0.32809523]
nortonface_norton_frame14596.jpg,[0.17451371]
nortonface_norton_frame14597.jpg,[0.14001282]
nortonface_norton_frame14598.jpg,[0.23432282]
nortonface_norton_frame14599.jpg,[0.136917]
nortonface_norton_frame14600.jpg,[0.14113885]
nortonface_norton_frame14601.jpg,[0.15560946]
nortonface_norton_frame14602.jpg,[0.15371114]
nortonface_norton_frame14603.jpg,[0.16816953]
nortonface_norton_frame14604.jpg,[0.26586914]
nortonface_norton_frame14605.jpg,[0.42965448]
nortonface_norton_frame14606.jpg,[0.22968851]
nortonface_norton_frame14607.jpg,[0.385389]
nortonface_norton_frame14608.jpg,[0.23171298]
nortonface_norton_frame14609.jpg,[0.34677804]
nortonface_norton_frame14610.jpg,[0.3278763]
nortonface_norton_frame14611.jpg,[0.21808048]
nortonface_norton_frame14612.jpg,[0.17725296]
nortonface_norton_frame14613.jpg,[0.255473]
nortonface_norton_frame14614.jpg,[0.26813886]
nortonface_norton_frame14615.jpg,[0.18831979]
nortonface_norton_frame14616.jpg,[0.3538843]
nortonface_norton_frame14617.jpg,[0.21679178]
nortonface_norton_frame14618.jpg,[0.31808844]
nortonface_norton_frame14619.jpg,[0.31487706]
nortonface_norton_frame14620.jpg,[0.3555108]
nortonface_norton_frame14621.jpg,[0.23227993]
nortonface_norton_frame14622.jpg,[0.3647629]
nortonface_norton_frame14623.jpg,[0.3233415]
nortonface_norton_frame14624.jpg,[0.137985]
nortonface_norton_frame14625.jpg,[0.19170482]
nortonface_norton_frame14626.jpg,[0.15579349]
nortonface_norton_frame14627.jpg,[0.13742451]
nortonface_norton_frame14628.jpg,[0.15806913]
nortonface_norton_frame14629.jpg,[0.14941104]
nortonface_norton_frame14630.jpg,[0.22862858]
nortonface_norton_frame14663.jpg,[0.16375095]
nortonface_norton_frame14664.jpg,[0.14615878]
nortonface_norton_frame14665.jpg,[0.17222595]
nortonface_norton_frame14666.jpg,[0.20418926]
nortonface_norton_frame14667.jpg,[0.14039607]
nortonface_norton_frame14668.jpg,[0.1832928]
nortonface_norton_frame14669.jpg,[0.16286913]
nortonface_norton_frame14670.jpg,[0.14314346]
nortonface_norton_frame14671.jpg,[0.17203629]
nortonface_norton_frame14672.jpg,[0.14375453]
nortonface_norton_frame14673.jpg,[0.14517573]
nortonface_norton_frame14674.jpg,[0.19953582]
nortonface_norton_frame14675.jpg,[0.27798378]
nortonface_norton_frame14676.jpg,[0.30102047]
nortonface_norton_frame14677.jpg,[0.25091952]
nortonface_norton_frame14678.jpg,[0.17545095]
nortonface_norton_frame14679.jpg,[0.14960626]
nortonface_norton_frame14821.jpg,[0.17847301]
nortonface_norton_frame14822.jpg,[0.18115267]
nortonface_norton_frame14823.jpg,[0.25047022]
nortonface_norton_frame14824.jpg,[0.17647378]
nortonface_norton_frame14825.jpg,[0.23943423]
nortonface_norton_frame14826.jpg,[0.3154791]
nortonface_norton_frame14827.jpg,[0.276326]
nortonface_norton_frame14828.jpg,[0.23119324]
nortonface_norton_frame14829.jpg,[0.21538357]
nortonface_norton_frame14830.jpg,[0.16058524]
nortonface_norton_frame14831.jpg,[0.3382869]
nortonface_norton_frame14862.jpg,[0.09817491]
nortonface_norton_frame14863.jpg,[0.13833961]
nortonface_norton_frame14864.jpg,[0.30056196]
nortonface_norton_frame14865.jpg,[0.23154932]
nortonface_norton_frame14866.jpg,[0.47122034]
nortonface_norton_frame14867.jpg,[0.42210677]
nortonface_norton_frame14868.jpg,[0.30273286]
nortonface_norton_frame14869.jpg,[0.19146323]
nortonface_norton_frame14870.jpg,[0.27093026]
nortonface_norton_frame14871.jpg,[0.15771778]
nortonface_norton_frame14872.jpg,[0.09171125]
nortonface_norton_frame15012.jpg,[0.07364383]
nortonface_norton_frame15013.jpg,[0.0862642]
nortonface_norton_frame15014.jpg,[0.10383377]
nortonface_norton_frame15015.jpg,[0.2044739]
nortonface_norton_frame15016.jpg,[0.40200025]
nortonface_norton_frame15017.jpg,[0.26874268]
nortonface_norton_frame15018.jpg,[0.54614526]
nortonface_norton_frame15193.jpg,[0.49646106]
nortonface_norton_frame16431.jpg,[0.26953948]
nortonface_norton_frame16432.jpg,[0.12945226]
nortonface_norton_frame16433.jpg,[0.17818859]
nortonface_norton_frame20952.jpg,[0.4278897]
nortonface_norton_frame20953.jpg,[0.33900672]
nortonface_norton_frame20957.jpg,[0.30051938]
nortonface_norton_frame20958.jpg,[0.34449807]
nortonface_norton_frame20959.jpg,[0.33865902]
nortonface_norton_frame20960.jpg,[0.24612154]
nortonface_norton_frame20961.jpg,[0.342936]
nortonface_norton_frame20962.jpg,[0.09766094]
nortonface_norton_frame20963.jpg,[0.3478423]
nortonface_norton_frame20964.jpg,[0.28581905]
nortonface_norton_frame20965.jpg,[0.24386036]
nortonface_norton_frame20966.jpg,[0.10941565]
nortonface_norton_frame20967.jpg,[0.1522586]
nortonface_norton_frame20968.jpg,[0.23656456]
nortonface_norton_frame20969.jpg,[0.25563875]
nortonface_norton_frame20970.jpg,[0.14940389]
nortonface_norton_frame20971.jpg,[0.19339971]
nortonface_norton_frame20972.jpg,[0.31899667]
nortonface_norton_frame20973.jpg,[0.21318871]
nortonface_norton_frame20974.jpg,[0.0836912]
nortonface_norton_frame20975.jpg,[0.19340892]
nortonface_norton_frame20976.jpg,[0.05152659]
nortonface_norton_frame20977.jpg,[0.06596857]
nortonface_norton_frame23178.jpg,[0.3380984]
nortonface_norton_frame23179.jpg,[0.43676108]
nortonface_norton_frame23180.jpg,[0.43042526]
nortonface_norton_frame23182.jpg,[0.31192604]
nortonface_norton_frame23183.jpg,[0.22773789]
nortonface_norton_frame23184.jpg,[0.25058857]
nortonface_norton_frame23185.jpg,[0.4477016]
nortonface_norton_frame23186.jpg,[0.2637627]
nortonface_norton_frame23187.jpg,[0.2066258]
nortonface_norton_frame23188.jpg,[0.25046366]
nortonface_norton_frame23189.jpg,[0.35455588]
nortonface_norton_frame23195.jpg,[0.27815273]
nortonface_norton_frame23197.jpg,[0.35510027]
nortonface_norton_frame23198.jpg,[0.25981942]
nortonface_norton_frame23199.jpg,[0.2816462]
nortonface_norton_frame23200.jpg,[0.21922442]
nortonface_norton_frame23201.jpg,[0.16162978]
nortonface_norton_frame23202.jpg,[0.35567728]
nortonface_norton_frame23204.jpg,[0.2816598]
nortonface_norton_frame23212.jpg,[0.5451306]
nortonface_norton_frame23217.jpg,[0.50771207]
nortonface_norton_frame23219.jpg,[0.34544736]
nortonface_norton_frame23226.jpg,[0.36705047]
nortonface_norton_frame23227.jpg,[0.28509143]
nortonface_norton_frame23228.jpg,[0.3147857]
nortonface_norton_frame23229.jpg,[0.3938651]
nortonface_norton_frame23230.jpg,[0.27759445]
nortonface_norton_frame23239.jpg,[0.17623064]
nortonface_norton_frame23240.jpg,[0.22745231]
nortonface_norton_frame23241.jpg,[0.37328833]
nortonface_norton_frame23242.jpg,[0.4482795]
nortonface_norton_frame23247.jpg,[0.3855003]
nortonface_norton_frame23259.jpg,[0.31568933]
nortonface_norton_frame23269.jpg,[0.6425752]
nortonface_norton_frame23270.jpg,[0.497196]
nortonface_norton_frame23271.jpg,[0.4755557]
nortonface_norton_frame23272.jpg,[0.285897]
nortonface_norton_frame23273.jpg,[0.3273273]
nortonface_norton_frame23274.jpg,[0.43929157]
nortonface_norton_frame23276.jpg,[0.34719568]
nortonface_norton_frame23278.jpg,[0.20556447]
nortonface_norton_frame23279.jpg,[0.34854168]
nortonface_norton_frame23280.jpg,[0.18956918]
nortonface_norton_frame23281.jpg,[0.3040321]
nortonface_norton_frame23282.jpg,[0.19994678]
nortonface_norton_frame23283.jpg,[0.35218453]
nortonface_norton_frame23284.jpg,[0.44394952]
nortonface_norton_frame23285.jpg,[0.45185485]
nortonface_norton_frame23286.jpg,[0.29736665]
nortonface_norton_frame23287.jpg,[0.36510766]
nortonface_norton_frame23293.jpg,[0.3568238]
nortonface_norton_frame23294.jpg,[0.33504358]
nortonface_norton_frame23296.jpg,[0.25333312]
nortonface_norton_frame23297.jpg,[0.20521732]
nortonface_norton_frame23299.jpg,[0.37471882]
nortonface_norton_frame23302.jpg,[0.25748265]
nortonface_norton_frame23305.jpg,[0.30555725]
nortonface_norton_frame23306.jpg,[0.23537302]
nortonface_norton_frame23307.jpg,[0.39117223]
nortonface_norton_frame23308.jpg,[0.3110403]
nortonface_norton_frame23309.jpg,[0.32275397]
nortonface_norton_frame23310.jpg,[0.45572138]
nortonface_norton_frame23311.jpg,[0.16838849]
nortonface_norton_frame23312.jpg,[0.1772317]
nortonface_norton_frame23313.jpg,[0.18364802]
nortonface_norton_frame23314.jpg,[0.17900875]
nortonface_norton_frame23315.jpg,[0.14299183]
nortonface_norton_frame23316.jpg,[0.15833417]
nortonface_norton_frame23317.jpg,[0.1932637]
nortonface_norton_frame23429.jpg,[0.27199224]
nortonface_norton_frame23431.jpg,[0.27752534]
nortonface_norton_frame23432.jpg,[0.20529106]
nortonface_norton_frame23433.jpg,[0.38085216]
nortonface_norton_frame23458.jpg,[0.24296056]
nortonface_norton_frame23459.jpg,[0.29873112]
nortonface_norton_frame23460.jpg,[0.27917618]
nortonface_norton_frame23461.jpg,[0.30722725]
nortonface_norton_frame23462.jpg,[0.21099432]
nortonface_norton_frame23463.jpg,[0.24731095]
nortonface_norton_frame23464.jpg,[0.21136248]
nortonface_norton_frame23465.jpg,[0.19092315]
nortonface_norton_frame23466.jpg,[0.1903269]
nortonface_norton_frame23467.jpg,[0.2491399]
nortonface_norton_frame23470.jpg,[0.22603038]
nortonface_norton_frame23471.jpg,[0.40979785]
nortonface_norton_frame23472.jpg,[0.40648112]
nortonface_norton_frame23473.jpg,[0.4013282]
nortonface_norton_frame23474.jpg,[0.2542144]
nortonface_norton_frame23488.jpg,[0.3206273]
nortonface_norton_frame23489.jpg,[0.32233995]
nortonface_norton_frame23490.jpg,[0.31569082]
nortonface_norton_frame23492.jpg,[0.27096793]
nortonface_norton_frame23494.jpg,[0.35494792]
nortonface_norton_frame23495.jpg,[0.36185792]
nortonface_norton_frame23496.jpg,[0.36043632]
nortonface_norton_frame23497.jpg,[0.3732991]
nortonface_norton_frame23498.jpg,[0.38922766]
nortonface_norton_frame23499.jpg,[0.39641392]
nortonface_norton_frame23534.jpg,[0.3495173]
nortonface_norton_frame23536.jpg,[0.31225535]
nortonface_norton_frame23541.jpg,[0.29844922]
nortonface_norton_frame23542.jpg,[0.31480253]
nortonface_norton_frame23543.jpg,[0.33501077]
nortonface_norton_frame23544.jpg,[0.21988177]
nortonface_norton_frame23545.jpg,[0.28352925]
nortonface_norton_frame23546.jpg,[0.29209378]
nortonface_norton_frame23583.jpg,[0.21384649]
nortonface_norton_frame23584.jpg,[0.21302614]
nortonface_norton_frame23587.jpg,[0.2922104]
nortonface_norton_frame23588.jpg,[0.3349012]
nortonface_norton_frame23589.jpg,[0.3762297]
nortonface_norton_frame23590.jpg,[0.41710454]
nortonface_norton_frame23591.jpg,[0.38214138]
nortonface_norton_frame23592.jpg,[0.272458]
nortonface_norton_frame23593.jpg,[0.20362557]
nortonface_norton_frame23594.jpg,[0.17515735]
nortonface_norton_frame23595.jpg,[0.14696978]
nortonface_norton_frame23596.jpg,[0.13968848]
nortonface_norton_frame23597.jpg,[0.15081607]
nortonface_norton_frame23598.jpg,[0.10929129]
nortonface_norton_frame23599.jpg,[0.17793314]
nortonface_norton_frame23602.jpg,[0.20511997]
nortonface_norton_frame23626.jpg,[0.27885377]
nortonface_norton_frame23628.jpg,[0.4305597]
nortonface_norton_frame23629.jpg,[0.32984015]
nortonface_norton_frame23630.jpg,[0.48735377]
nortonface_norton_frame23631.jpg,[0.4909091]
nortonface_norton_frame23633.jpg,[0.39487228]
nortonface_norton_frame23634.jpg,[0.3367096]
nortonface_norton_frame23635.jpg,[0.36310992]
nortonface_norton_frame23637.jpg,[0.3385255]
nortonface_norton_frame23638.jpg,[0.37793404]
nortonface_norton_frame23639.jpg,[0.32448772]
nortonface_norton_frame23640.jpg,[0.3686165]
nortonface_norton_frame23641.jpg,[0.32310373]
nortonface_norton_frame23642.jpg,[0.31220347]
nortonface_norton_frame23650.jpg,[0.23272286]
nortonface_norton_frame23696.jpg,[0.20604707]
nortonface_norton_frame23697.jpg,[0.19963907]
nortonface_norton_frame23704.jpg,[0.34511948]
nortonface_norton_frame23872.jpg,[0.49382722]
nortonface_norton_frame23873.jpg,[0.4009477]
nortonface_norton_frame23875.jpg,[0.30156878]
nortonface_norton_frame23876.jpg,[0.28924555]
nortonface_norton_frame23896.jpg,[0.13739446]
nortonface_norton_frame23897.jpg,[0.35166103]
nortonface_norton_frame23898.jpg,[0.2988235]
nortonface_norton_frame23899.jpg,[0.41411957]
nortonface_norton_frame23900.jpg,[0.32002968]
nortonface_norton_frame23901.jpg,[0.3728527]
nortonface_norton_frame23903.jpg,[0.34782615]
nortonface_norton_frame23904.jpg,[0.32198355]
nortonface_norton_frame23906.jpg,[0.29526007]
nortonface_norton_frame23907.jpg,[0.30244973]
nortonface_norton_frame23908.jpg,[0.43453956]
nortonface_norton_frame23912.jpg,[0.48810008]
nortonface_norton_frame23913.jpg,[0.42415437]
nortonface_norton_frame23915.jpg,[0.4285119]
nortonface_norton_frame23916.jpg,[0.24258183]
nortonface_norton_frame23917.jpg,[0.26217952]
nortonface_norton_frame23918.jpg,[0.21082127]
nortonface_norton_frame23919.jpg,[0.23818442]
nortonface_norton_frame23920.jpg,[0.43159103]
nortonface_norton_frame23921.jpg,[0.38384786]
nortonface_norton_frame23922.jpg,[0.22095005]
nortonface_norton_frame23924.jpg,[0.27793592]
nortonface_norton_frame23925.jpg,[0.22348307]
nortonface_norton_frame23960.jpg,[0.46324357]
nortonface_norton_frame23961.jpg,[0.37384725]
nortonface_norton_frame23962.jpg,[0.43133408]
nortonface_norton_frame23963.jpg,[0.39176577]
nortonface_norton_frame23964.jpg,[0.19941533]
nortonface_norton_frame23965.jpg,[0.23018943]
nortonface_norton_frame23966.jpg,[0.42123187]
nortonface_norton_frame23967.jpg,[0.40058744]
nortonface_norton_frame23968.jpg,[0.2766353]
nortonface_norton_frame23969.jpg,[0.37705877]
nortonface_norton_frame23970.jpg,[0.43923983]
nortonface_norton_frame23971.jpg,[0.3879865]
nortonface_norton_frame23972.jpg,[0.21982823]
nortonface_norton_frame23973.jpg,[0.42888078]
nortonface_norton_frame23974.jpg,[0.30708367]
nortonface_norton_frame23975.jpg,[0.29379457]
nortonface_norton_frame23976.jpg,[0.284218]
nortonface_norton_frame23977.jpg,[0.39208332]
nortonface_norton_frame23978.jpg,[0.32458246]
nortonface_norton_frame23979.jpg,[0.24058035]
nortonface_norton_frame23980.jpg,[0.20756136]
nortonface_norton_frame23981.jpg,[0.1437394]
nortonface_norton_frame23982.jpg,[0.23520905]
nortonface_norton_frame27366.jpg,[0.13074608]
nortonface_norton_frame27368.jpg,[0.13601798]
nortonface_norton_frame27369.jpg,[0.13949952]
nortonface_norton_frame27370.jpg,[0.15872401]
nortonface_norton_frame27373.jpg,[0.22239308]
nortonface_norton_frame27800.jpg,[0.52882814]
nortonface_norton_frame27801.jpg,[0.40922445]
nortonface_norton_frame27802.jpg,[0.4127669]
nortonface_norton_frame27803.jpg,[0.49520916]
nortonface_norton_frame27804.jpg,[0.2775931]
nortonface_norton_frame27805.jpg,[0.23311812]
nortonface_norton_frame27806.jpg,[0.19841938]
nortonface_norton_frame27818.jpg,[0.2056753]
nortonface_norton_frame27820.jpg,[0.28102806]
nortonface_norton_frame27821.jpg,[0.5008688]
nortonface_norton_frame27822.jpg,[0.22949779]
nortonface_norton_frame27823.jpg,[0.23413746]
nortonface_norton_frame27824.jpg,[0.25184774]
nortonface_norton_frame27825.jpg,[0.3175664]
nortonface_norton_frame27826.jpg,[0.30394328]
nortonface_norton_frame27827.jpg,[0.3055648]
nortonface_norton_frame27828.jpg,[0.33690003]
nortonface_norton_frame27829.jpg,[0.28159526]
nortonface_norton_frame27830.jpg,[0.23623444]
nortonface_norton_frame27831.jpg,[0.24210644]
nortonface_norton_frame27832.jpg,[0.22814682]
nortonface_norton_frame27833.jpg,[0.21396977]
nortonface_norton_frame27834.jpg,[0.21328978]
nortonface_norton_frame27845.jpg,[0.24276654]
nortonface_norton_frame27846.jpg,[0.2996627]
nortonface_norton_frame27847.jpg,[0.49921897]
nortonface_norton_frame27848.jpg,[0.28011072]
nortonface_norton_frame27849.jpg,[0.60719043]
nortonface_norton_frame27850.jpg,[0.4274575]
nortonface_norton_frame27851.jpg,[0.5324472]
nortonface_norton_frame27852.jpg,[0.27155155]
nortonface_norton_frame27853.jpg,[0.32086104]
nortonface_norton_frame27854.jpg,[0.3582953]
nortonface_norton_frame27855.jpg,[0.39282748]
nortonface_norton_frame27856.jpg,[0.362233]
nortonface_norton_frame27857.jpg,[0.36841893]
nortonface_norton_frame27858.jpg,[0.35309863]
nortonface_norton_frame27859.jpg,[0.3788297]
nortonface_norton_frame27860.jpg,[0.42020512]
nortonface_norton_frame27861.jpg,[0.3810856]
nortonface_norton_frame27862.jpg,[0.37866262]
nortonface_norton_frame27863.jpg,[0.41737673]
nortonface_norton_frame28619.jpg,[0.38602927]
nortonface_norton_frame28620.jpg,[0.3675589]
nortonface_norton_frame28621.jpg,[0.17404132]
nortonface_norton_frame28622.jpg,[0.20461296]
nortonface_norton_frame28625.jpg,[0.35209787]
nortonface_norton_frame28626.jpg,[0.42628282]
nortonface_norton_frame28627.jpg,[0.1768077]
nortonface_norton_frame28628.jpg,[0.23075347]
nortonface_norton_frame28629.jpg,[0.16847686]
nortonface_norton_frame28630.jpg,[0.24999924]
nortonface_norton_frame28631.jpg,[0.27715337]
nortonface_norton_frame28632.jpg,[0.1884768]
nortonface_norton_frame28633.jpg,[0.3180023]
nortonface_norton_frame28634.jpg,[0.1728197]
nortonface_norton_frame28635.jpg,[0.32832906]
nortonface_norton_frame28636.jpg,[0.3627166]
nortonface_norton_frame28637.jpg,[0.3061567]
nortonface_norton_frame28638.jpg,[0.3296283]
nortonface_norton_frame28639.jpg,[0.2803973]
nortonface_norton_frame28640.jpg,[0.2737121]
nortonface_norton_frame28641.jpg,[0.2755829]
nortonface_norton_frame28642.jpg,[0.30208418]
nortonface_norton_frame28643.jpg,[0.2873384]
nortonface_norton_frame28644.jpg,[0.2881048]
nortonface_norton_frame28788.jpg,[0.31438294]
nortonface_norton_frame28789.jpg,[0.26795352]
nortonface_norton_frame28790.jpg,[0.20244652]
nortonface_norton_frame28791.jpg,[0.25926247]
nortonface_norton_frame28792.jpg,[0.20229319]
nortonface_norton_frame28793.jpg,[0.19763736]
nortonface_norton_frame28794.jpg,[0.21047004]
nortonface_norton_frame28796.jpg,[0.21602511]
nortonface_norton_frame28797.jpg,[0.2568001]
nortonface_norton_frame28798.jpg,[0.22571744]
nortonface_norton_frame28799.jpg,[0.21255322]
nortonface_norton_frame28800.jpg,[0.19719122]
nortonface_norton_frame28801.jpg,[0.15812387]
nortonface_norton_frame28802.jpg,[0.20557074]
nortonface_norton_frame28803.jpg,[0.23732965]
nortonface_norton_frame28804.jpg,[0.17528939]
nortonface_norton_frame28805.jpg,[0.27109048]
nortonface_norton_frame28806.jpg,[0.14475709]
nortonface_norton_frame28807.jpg,[0.20735185]
nortonface_norton_frame28811.jpg,[0.26573408]
nortonface_norton_frame28874.jpg,[0.19032581]
nortonface_norton_frame28875.jpg,[0.20713377]
nortonface_norton_frame28876.jpg,[0.3102354]
nortonface_norton_frame28877.jpg,[0.38046858]
nortonface_norton_frame28878.jpg,[0.3158513]
nortonface_norton_frame28879.jpg,[0.45026118]
nortonface_norton_frame28880.jpg,[0.25843978]
nortonface_norton_frame28881.jpg,[0.34506774]
nortonface_norton_frame28882.jpg,[0.3247775]
nortonface_norton_frame28884.jpg,[0.39259467]
nortonface_norton_frame28885.jpg,[0.46260664]
nortonface_norton_frame28886.jpg,[0.2921739]
nortonface_norton_frame28887.jpg,[0.22842333]
nortonface_norton_frame28910.jpg,[0.25547335]
nortonface_norton_frame28911.jpg,[0.37462494]
nortonface_norton_frame28912.jpg,[0.24832511]
nortonface_norton_frame28913.jpg,[0.27410242]
nortonface_norton_frame28914.jpg,[0.2704237]
nortonface_norton_frame28915.jpg,[0.2782403]
nortonface_norton_frame28916.jpg,[0.3174992]
nortonface_norton_frame28917.jpg,[0.35906416]
nortonface_norton_frame28918.jpg,[0.22922899]
nortonface_norton_frame28919.jpg,[0.25248665]
nortonface_norton_frame28920.jpg,[0.2375255]
nortonface_norton_frame28921.jpg,[0.20511211]
nortonface_norton_frame28922.jpg,[0.20677885]
nortonface_norton_frame28923.jpg,[0.23144291]
nortonface_norton_frame28924.jpg,[0.23444223]
nortonface_norton_frame28925.jpg,[0.2514126]
nortonface_norton_frame28926.jpg,[0.23266017]
nortonface_norton_frame28927.jpg,[0.24868816]
nortonface_norton_frame28928.jpg,[0.2234246]
nortonface_norton_frame28929.jpg,[0.2774483]
nortonface_norton_frame29044.jpg,[0.42839217]
nortonface_norton_frame29080.jpg,[0.4298257]
nortonface_norton_frame29081.jpg,[0.24252632]
nortonface_norton_frame29082.jpg,[0.21340641]
nortonface_norton_frame29083.jpg,[0.22088256]
nortonface_norton_frame29084.jpg,[0.24154858]
nortonface_norton_frame29085.jpg,[0.35709712]
nortonface_norton_frame29504.jpg,[0.31081742]
nortonface_norton_frame29528.jpg,[0.37271577]
nortonface_norton_frame29530.jpg,[0.31991845]
nortonface_norton_frame29531.jpg,[0.3842461]
nortonface_norton_frame29532.jpg,[0.36336678]
nortonface_norton_frame29533.jpg,[0.3213137]
nortonface_norton_frame29534.jpg,[0.31478083]
nortonface_norton_frame29535.jpg,[0.2950776]
nortonface_norton_frame29536.jpg,[0.3122363]
nortonface_norton_frame29537.jpg,[0.3124634]
nortonface_norton_frame29538.jpg,[0.26597017]
nortonface_norton_frame29539.jpg,[0.2982634]
nortonface_norton_frame29540.jpg,[0.30533898]
nortonface_norton_frame29541.jpg,[0.32327673]
nortonface_norton_frame29542.jpg,[0.27817455]
nortonface_norton_frame29543.jpg,[0.33701512]
nortonface_norton_frame29544.jpg,[0.36296785]
nortonface_norton_frame29545.jpg,[0.3565614]
nortonface_norton_frame29546.jpg,[0.36163417]
nortonface_norton_frame29547.jpg,[0.34844658]
nortonface_norton_frame29548.jpg,[0.27515286]
nortonface_norton_frame29549.jpg,[0.26666963]
nortonface_norton_frame29550.jpg,[0.2649152]
nortonface_norton_frame29552.jpg,[0.2556532]
nortonface_norton_frame29553.jpg,[0.28294483]
nortonface_norton_frame29554.jpg,[0.26912975]
nortonface_norton_frame29555.jpg,[0.27151135]
nortonface_norton_frame29689.jpg,[0.46744898]
nortonface_norton_frame29690.jpg,[0.51015234]
nortonface_norton_frame29691.jpg,[0.4321866]
nortonface_norton_frame29692.jpg,[0.42861304]
nortonface_norton_frame29693.jpg,[0.4294379]
nortonface_norton_frame29694.jpg,[0.39943326]
nortonface_norton_frame29696.jpg,[0.44703552]
nortonface_norton_frame29699.jpg,[0.43239048]
nortonface_norton_frame29701.jpg,[0.4376961]
nortonface_norton_frame29703.jpg,[0.37693262]
nortonface_norton_frame29704.jpg,[0.38542068]
nortonface_norton_frame29705.jpg,[0.39221907]
nortonface_norton_frame29706.jpg,[0.34773064]
nortonface_norton_frame29707.jpg,[0.3270481]
nortonface_norton_frame29708.jpg,[0.34834984]
nortonface_norton_frame29709.jpg,[0.3816424]
nortonface_norton_frame29710.jpg,[0.36359903]
nortonface_norton_frame29711.jpg,[0.3794311]
nortonface_norton_frame29712.jpg,[0.42382258]
nortonface_norton_frame29713.jpg,[0.4386267]
nortonface_norton_frame29714.jpg,[0.4510593]
nortonface_norton_frame29715.jpg,[0.48440614]
nortonface_norton_frame29716.jpg,[0.5144249]
nortonface_norton_frame29718.jpg,[0.50531614]
nortonface_norton_frame29719.jpg,[0.39680493]
nortonface_norton_frame29721.jpg,[0.42714807]
nortonface_norton_frame29722.jpg,[0.42410967]
nortonface_norton_frame29723.jpg,[0.379833]
nortonface_norton_frame29725.jpg,[0.35686174]
nortonface_norton_frame29727.jpg,[0.42865774]
nortonface_norton_frame32139.jpg,[0.26648104]
nortonface_norton_frame32140.jpg,[0.18435197]
nortonface_norton_frame32141.jpg,[0.24046715]
nortonface_norton_frame32142.jpg,[0.20912068]
nortonface_norton_frame32143.jpg,[0.2287337]
nortonface_norton_frame32144.jpg,[0.2358995]
nortonface_norton_frame32145.jpg,[0.22147003]
nortonface_norton_frame32146.jpg,[0.26674095]
nortonface_norton_frame32147.jpg,[0.33831328]
nortonface_norton_frame32148.jpg,[0.26801652]
nortonface_norton_frame32149.jpg,[0.3372796]
nortonface_norton_frame32167.jpg,[0.30507854]
nortonface_norton_frame32295.jpg,[0.5421966]
nortonface_norton_frame32296.jpg,[0.4807979]
nortonface_norton_frame32297.jpg,[0.4810119]
nortonface_norton_frame32298.jpg,[0.16750161]
nortonface_norton_frame32299.jpg,[0.28350204]
nortonface_norton_frame32348.jpg,[0.35280257]
nortonface_norton_frame32349.jpg,[0.262842]
nortonface_norton_frame32350.jpg,[0.25581196]
nortonface_norton_frame32351.jpg,[0.3160753]
nortonface_norton_frame32352.jpg,[0.3527034]
nortonface_norton_frame32353.jpg,[0.2337382]
nortonface_norton_frame32354.jpg,[0.4923841]
nortonface_norton_frame32355.jpg,[0.45508182]
nortonface_norton_frame32356.jpg,[0.51716757]
nortonface_norton_frame32357.jpg,[0.40693527]
nortonface_norton_frame32358.jpg,[0.48924]
nortonface_norton_frame32359.jpg,[0.46113986]
nortonface_norton_frame32360.jpg,[0.39848226]
nortonface_norton_frame32361.jpg,[0.51479685]
nortonface_norton_frame32362.jpg,[0.44807643]
nortonface_norton_frame32363.jpg,[0.3744796]
nortonface_norton_frame32364.jpg,[0.38350233]
nortonface_norton_frame32365.jpg,[0.4166538]
nortonface_norton_frame32366.jpg,[0.3461135]
nortonface_norton_frame32367.jpg,[0.3145161]
nortonface_norton_frame32385.jpg,[0.3391933]
nortonface_norton_frame32387.jpg,[0.3875939]
nortonface_norton_frame32388.jpg,[0.44998676]
nortonface_norton_frame32389.jpg,[0.3924964]
nortonface_norton_frame33290.jpg,[0.340569]
nortonface_norton_frame33715.jpg,[0.6174298]
nortonface_norton_frame33737.jpg,[0.49478588]
nortonface_norton_frame33738.jpg,[0.49610612]
nortonface_norton_frame33743.jpg,[0.2961988]
nortonface_norton_frame33744.jpg,[0.34642372]
nortonface_norton_frame33795.jpg,[0.4380969]
nortonface_norton_frame33797.jpg,[0.4105253]
nortonface_norton_frame34567.jpg,[0.3649776]
nortonface_norton_frame34568.jpg,[0.38837168]
nortonface_norton_frame36330.jpg,[0.50430214]
nortonface_norton_frame36331.jpg,[0.3329373]
nortonface_norton_frame36333.jpg,[0.24823382]
nortonface_norton_frame36334.jpg,[0.33724526]
nortonface_norton_frame36679.jpg,[0.24016437]
nortonface_norton_frame36680.jpg,[0.2916179]
nortonface_norton_frame36690.jpg,[0.27300426]
nortonface_norton_frame36691.jpg,[0.43200195]
nortonface_norton_frame36692.jpg,[0.29179487]
nortonface_norton_frame36744.jpg,[0.3894982]
nortonface_norton_frame36746.jpg,[0.3051875]
nortonface_norton_frame36747.jpg,[0.28146803]
nortonface_norton_frame36748.jpg,[0.11798149]
nortonface_norton_frame36752.jpg,[0.37672803]
nortonface_norton_frame36753.jpg,[0.36339962]
nortonface_norton_frame36754.jpg,[0.2905401]
nortonface_norton_frame36757.jpg,[0.36007664]
nortonface_norton_frame36759.jpg,[0.26213217]
nortonface_norton_frame36760.jpg,[0.5530745]
nortonface_norton_frame36761.jpg,[0.5142736]
nortonface_norton_frame36762.jpg,[0.46974742]
nortonface_norton_frame36763.jpg,[0.45748994]
nortonface_norton_frame36764.jpg,[0.4231663]
nortonface_norton_frame36783.jpg,[0.39835396]
nortonface_norton_frame36784.jpg,[0.4314401]
nortonface_norton_frame36785.jpg,[0.35265127]
nortonface_norton_frame36786.jpg,[0.26496905]
nortonface_norton_frame36787.jpg,[0.2387591]
nortonface_norton_frame36788.jpg,[0.29150462]
nortonface_norton_frame36789.jpg,[0.36508882]
nortonface_norton_frame36790.jpg,[0.387319]
nortonface_norton_frame36791.jpg,[0.3575059]
nortonface_norton_frame36792.jpg,[0.2888025]
nortonface_norton_frame36793.jpg,[0.2628501]
nortonface_norton_frame36794.jpg,[0.34517658]
nortonface_norton_frame36795.jpg,[0.3632109]
nortonface_norton_frame36796.jpg,[0.36515847]
nortonface_norton_frame36797.jpg,[0.17913224]
nortonface_norton_frame36798.jpg,[0.18069676]
nortonface_norton_frame36799.jpg,[0.41827407]
nortonface_norton_frame36800.jpg,[0.38371363]
nortonface_norton_frame36801.jpg,[0.37680477]
nortonface_norton_frame36802.jpg,[0.35499147]
nortonface_norton_frame36803.jpg,[0.32961985]
nortonface_norton_frame36804.jpg,[0.3024823]
nortonface_norton_frame36805.jpg,[0.28965557]
nortonface_norton_frame36806.jpg,[0.33496356]
nortonface_norton_frame36807.jpg,[0.35532653]
nortonface_norton_frame36808.jpg,[0.30218157]
