face_red_frame01728.jpg,[0.23372714]
face_red_frame01729.jpg,[0.12881738]
face_red_frame01730.jpg,[0.17061633]
face_red_frame01734.jpg,[0.38409337]
face_red_frame01735.jpg,[0.31961927]
face_red_frame01738.jpg,[0.3834472]
face_red_frame01739.jpg,[0.5384859]
face_red_frame01740.jpg,[0.2070137]
face_red_frame01741.jpg,[0.14194782]
face_red_frame01743.jpg,[0.14266595]
face_red_frame01745.jpg,[0.17062254]
face_red_frame01747.jpg,[0.29352522]
face_red_frame01748.jpg,[0.14679857]
face_red_frame01749.jpg,[0.2740302]
face_red_frame01751.jpg,[0.15885593]
face_red_frame01752.jpg,[0.164669]
face_red_frame01761.jpg,[0.13515125]
face_red_frame01763.jpg,[0.10994801]
face_red_frame01764.jpg,[0.3449255]
face_red_frame01765.jpg,[0.3867456]
face_red_frame01766.jpg,[0.19529003]
face_red_frame01768.jpg,[0.3563983]
face_red_frame01769.jpg,[0.16231592]
face_red_frame01771.jpg,[0.22645527]
face_red_frame01773.jpg,[0.05547471]
face_red_frame01774.jpg,[0.0954883]
face_red_frame01775.jpg,[0.14110214]
face_red_frame01776.jpg,[0.29412436]
face_red_frame01777.jpg,[0.09504762]
face_red_frame01778.jpg,[0.0692631]
face_red_frame01779.jpg,[0.11210547]
face_red_frame01780.jpg,[0.14833978]
face_red_frame01790.jpg,[0.38183188]
face_red_frame01791.jpg,[0.25007725]
face_red_frame01792.jpg,[0.17353767]
face_red_frame01793.jpg,[0.36939022]
face_red_frame01794.jpg,[0.47926128]
face_red_frame01811.jpg,[0.22919948]
face_red_frame01812.jpg,[0.26424518]
face_red_frame01813.jpg,[0.09169868]
face_red_frame01814.jpg,[0.21253292]
face_red_frame01816.jpg,[0.34335473]
face_red_frame01818.jpg,[0.23337166]
face_red_frame01834.jpg,[0.29460314]
face_red_frame01835.jpg,[0.5244411]
face_red_frame01836.jpg,[0.29101354]
face_red_frame01837.jpg,[0.25571916]
face_red_frame01838.jpg,[0.21879268]
face_red_frame01839.jpg,[0.32212058]
face_red_frame01840.jpg,[0.3778409]
face_red_frame01841.jpg,[0.24468856]
face_red_frame01842.jpg,[0.27468625]
face_red_frame01843.jpg,[0.39007273]
face_red_frame01844.jpg,[0.29759347]
face_red_frame01845.jpg,[0.22792472]
face_red_frame01846.jpg,[0.16264175]
face_red_frame01847.jpg,[0.14816302]
face_red_frame01848.jpg,[0.34110218]
face_red_frame01849.jpg,[0.26929477]
face_red_frame01850.jpg,[0.19438462]
face_red_frame01852.jpg,[0.25123596]
face_red_frame01853.jpg,[0.32979578]
face_red_frame01854.jpg,[0.6338165]
face_red_frame01855.jpg,[0.71899915]
face_red_frame01856.jpg,[0.6292193]
face_red_frame01857.jpg,[0.58743435]
face_red_frame01858.jpg,[0.11121795]
face_red_frame01859.jpg,[0.13331811]
face_red_frame01860.jpg,[0.25800106]
face_red_frame01861.jpg,[0.26051188]
face_red_frame01862.jpg,[0.3869374]
face_red_frame01863.jpg,[0.12461157]
face_red_frame01864.jpg,[0.10165478]
face_red_frame01865.jpg,[0.11362757]
face_red_frame01866.jpg,[0.18523842]
face_red_frame01867.jpg,[0.22515056]
face_red_frame01868.jpg,[0.13815303]
face_red_frame01869.jpg,[0.27978852]
face_red_frame01870.jpg,[0.15028821]
face_red_frame01871.jpg,[0.26999262]
face_red_frame01872.jpg,[0.26423666]
face_red_frame01873.jpg,[0.33842552]
face_red_frame01874.jpg,[0.18997858]
face_red_frame01875.jpg,[0.2072343]
face_red_frame01876.jpg,[0.20009537]
face_red_frame01877.jpg,[0.11710535]
face_red_frame01878.jpg,[0.24783164]
face_red_frame01879.jpg,[0.12742761]
face_red_frame01880.jpg,[0.1883409]
face_red_frame01881.jpg,[0.14473763]
face_red_frame01882.jpg,[0.09524002]
face_red_frame01883.jpg,[0.10456408]
face_red_frame01884.jpg,[0.06417271]
face_red_frame01885.jpg,[0.14465667]
face_red_frame01886.jpg,[0.22575246]
face_red_frame01887.jpg,[0.21906067]
face_red_frame01888.jpg,[0.1467104]
face_red_frame01889.jpg,[0.18978813]
face_red_frame01890.jpg,[0.13177551]
face_red_frame01891.jpg,[0.1511165]
face_red_frame01892.jpg,[0.0728009]
face_red_frame01893.jpg,[0.23075035]
face_red_frame01894.jpg,[0.20057012]
face_red_frame01895.jpg,[0.29617557]
face_red_frame01896.jpg,[0.2705445]
face_red_frame01897.jpg,[0.36842808]
face_red_frame01898.jpg,[0.38305953]
face_red_frame01899.jpg,[0.40151608]
face_red_frame01900.jpg,[0.41411784]
face_red_frame01902.jpg,[0.62120694]
face_red_frame01904.jpg,[0.22210936]
face_red_frame01905.jpg,[0.17477502]
face_red_frame01906.jpg,[0.3625865]
face_red_frame01907.jpg,[0.5826665]
face_red_frame01908.jpg,[0.6240884]
face_red_frame01909.jpg,[0.5802183]
face_red_frame01910.jpg,[0.30633864]
face_red_frame01911.jpg,[0.22989918]
face_red_frame01912.jpg,[0.29789862]
face_red_frame01913.jpg,[0.24721862]
face_red_frame01914.jpg,[0.31130666]
face_red_frame01915.jpg,[0.32604513]
face_red_frame01916.jpg,[0.35139763]
face_red_frame01917.jpg,[0.24303706]
face_red_frame01918.jpg,[0.15498094]
face_red_frame01919.jpg,[0.29082513]
face_red_frame01920.jpg,[0.4165577]
face_red_frame01921.jpg,[0.44506228]
face_red_frame01922.jpg,[0.10618364]
face_red_frame01923.jpg,[0.09681833]
face_red_frame01924.jpg,[0.21462728]
face_red_frame01925.jpg,[0.28550887]
face_red_frame01926.jpg,[0.26962796]
face_red_frame01927.jpg,[0.23624663]
face_red_frame01928.jpg,[0.18998541]
face_red_frame01929.jpg,[0.2781552]
face_red_frame01930.jpg,[0.3722239]
face_red_frame01931.jpg,[0.02543036]
face_red_frame01932.jpg,[0.07397687]
face_red_frame01933.jpg,[0.08998346]
face_red_frame01934.jpg,[0.07915714]
face_red_frame01935.jpg,[0.3216515]
face_red_frame01936.jpg,[0.16164927]
face_red_frame01937.jpg,[0.04434022]
face_red_frame01938.jpg,[0.07573933]
face_red_frame01939.jpg,[0.05137627]
face_red_frame01940.jpg,[0.0043572]
face_red_frame01941.jpg,[0.12979367]
face_red_frame01942.jpg,[0.154959]
face_red_frame02325.jpg,[0.28216422]
face_red_frame03253.jpg,[0.17009693]
face_red_frame03254.jpg,[0.10261403]
face_red_frame03255.jpg,[0.04925782]
face_red_frame03256.jpg,[0.13982607]
face_red_frame03257.jpg,[0.09742961]
face_red_frame03258.jpg,[0.1045392]
face_red_frame03261.jpg,[0.09754157]
face_red_frame03262.jpg,[0.08243717]
face_red_frame03270.jpg,[0.03207447]
face_red_frame03271.jpg,[0.06728909]
face_red_frame03292.jpg,[0.0331906]
face_red_frame03293.jpg,[0.12464927]
face_red_frame03294.jpg,[0.11341362]
face_red_frame03295.jpg,[0.07228341]
face_red_frame03296.jpg,[-0.02701316]
face_red_frame03297.jpg,[0.12316521]
face_red_frame03298.jpg,[0.08554181]
face_red_frame03299.jpg,[0.12753054]
face_red_frame03300.jpg,[0.05919495]
face_red_frame03301.jpg,[0.13306804]
face_red_frame03302.jpg,[0.06216371]
face_red_frame03303.jpg,[0.02626157]
face_red_frame03304.jpg,[0.16322415]
face_red_frame03305.jpg,[0.07053133]
face_red_frame03306.jpg,[0.06720618]
face_red_frame03307.jpg,[0.01448117]
face_red_frame03308.jpg,[0.1176592]
face_red_frame03309.jpg,[0.06865434]
face_red_frame03310.jpg,[0.0969746]
face_red_frame03311.jpg,[0.12912095]
face_red_frame03312.jpg,[0.16331157]
face_red_frame03313.jpg,[0.06388462]
face_red_frame03314.jpg,[0.107058]
face_red_frame03315.jpg,[0.07200633]
face_red_frame03316.jpg,[0.05632449]
face_red_frame03317.jpg,[0.04198711]
face_red_frame03318.jpg,[0.13914852]
face_red_frame03319.jpg,[0.12385882]
face_red_frame03320.jpg,[0.15230298]
face_red_frame03321.jpg,[0.13192989]
face_red_frame03322.jpg,[0.07649238]
face_red_frame03323.jpg,[0.03741485]
face_red_frame03324.jpg,[0.15925764]
face_red_frame03325.jpg,[0.18019289]
face_red_frame03326.jpg,[0.1893556]
face_red_frame03327.jpg,[0.01432115]
face_red_frame03328.jpg,[0.08518033]
face_red_frame03329.jpg,[0.0631292]
face_red_frame03330.jpg,[0.22288927]
face_red_frame03331.jpg,[0.16889732]
face_red_frame03332.jpg,[0.05024163]
face_red_frame03333.jpg,[0.11940888]
face_red_frame03334.jpg,[0.21663429]
face_red_frame03335.jpg,[0.3129856]
face_red_frame03336.jpg,[0.310489]
face_red_frame03337.jpg,[0.30180186]
face_red_frame03338.jpg,[0.09437297]
face_red_frame03339.jpg,[0.21424153]
face_red_frame03340.jpg,[0.03464595]
face_red_frame03341.jpg,[0.3408928]
face_red_frame03351.jpg,[0.23928453]
face_red_frame06480.jpg,[0.21304508]
face_red_frame06481.jpg,[0.23542407]
face_red_frame06482.jpg,[0.2900027]
face_red_frame06483.jpg,[0.27075556]
face_red_frame06484.jpg,[0.12955439]
face_red_frame06485.jpg,[0.04986946]
face_red_frame06486.jpg,[0.09841895]
face_red_frame06488.jpg,[0.19213304]
face_red_frame06489.jpg,[0.19534236]
face_red_frame06490.jpg,[0.2438426]
face_red_frame06491.jpg,[0.19826943]
face_red_frame06494.jpg,[0.19532818]
face_red_frame06515.jpg,[0.15713686]
face_red_frame07090.jpg,[0.394772]
face_red_frame07092.jpg,[0.49507502]
face_red_frame07093.jpg,[0.4793177]
face_red_frame07094.jpg,[0.52723074]
face_red_frame07095.jpg,[0.5303104]
face_red_frame07096.jpg,[0.24837391]
face_red_frame07097.jpg,[0.36078662]
face_red_frame07098.jpg,[0.31205404]
face_red_frame07099.jpg,[0.21641576]
face_red_frame07100.jpg,[0.17069767]
face_red_frame07101.jpg,[0.25944817]
face_red_frame07103.jpg,[0.301828]
face_red_frame07383.jpg,[0.43339023]
face_red_frame07623.jpg,[0.2230164]
face_red_frame07626.jpg,[0.19593538]
face_red_frame07665.jpg,[0.4319153]
face_red_frame07710.jpg,[0.39909247]
face_red_frame07711.jpg,[0.4724781]
face_red_frame07720.jpg,[0.44126472]
face_red_frame07721.jpg,[0.46440956]
face_red_frame07722.jpg,[0.42772344]
face_red_frame07731.jpg,[0.40771294]
face_red_frame07732.jpg,[0.3277648]
face_red_frame07890.jpg,[0.4155803]
face_red_frame08124.jpg,[0.34015974]
face_red_frame08155.jpg,[0.3909825]
face_red_frame08625.jpg,[0.24177274]
face_red_frame08626.jpg,[0.4004557]
face_red_frame08627.jpg,[0.27870646]
face_red_frame08628.jpg,[0.29037467]
face_red_frame08629.jpg,[0.24074598]
face_red_frame08630.jpg,[0.2763345]
face_red_frame08631.jpg,[0.26955372]
face_red_frame08635.jpg,[0.18825457]
face_red_frame08638.jpg,[0.35558435]
face_red_frame08639.jpg,[0.149739]
face_red_frame08640.jpg,[0.1842202]
face_red_frame08641.jpg,[0.18497835]
face_red_frame08642.jpg,[0.2525529]
face_red_frame08643.jpg,[0.20919478]
face_red_frame08644.jpg,[0.20988852]
face_red_frame08645.jpg,[0.209967]
face_red_frame08648.jpg,[0.13710116]
face_red_frame08649.jpg,[0.15846862]
face_red_frame08650.jpg,[0.14973037]
face_red_frame08651.jpg,[0.16886042]
face_red_frame08652.jpg,[0.14433566]
face_red_frame08653.jpg,[0.13210887]
face_red_frame08654.jpg,[0.0566996]
face_red_frame08655.jpg,[0.08627313]
face_red_frame08656.jpg,[0.11512035]
face_red_frame08657.jpg,[0.08705019]
face_red_frame08658.jpg,[0.07655014]
face_red_frame08659.jpg,[0.05308058]
face_red_frame08660.jpg,[0.05550834]
face_red_frame08661.jpg,[0.08229566]
face_red_frame08662.jpg,[0.10903402]
face_red_frame08663.jpg,[0.10744638]
face_red_frame08664.jpg,[0.05300588]
face_red_frame08665.jpg,[0.03300661]
face_red_frame08666.jpg,[0.07794119]
face_red_frame08667.jpg,[0.10273529]
face_red_frame08679.jpg,[0.13547146]
face_red_frame08680.jpg,[0.16800025]
face_red_frame11248.jpg,[0.16416731]
face_red_frame11249.jpg,[0.16144043]
face_red_frame11250.jpg,[0.12013891]
face_red_frame11251.jpg,[0.11584698]
face_red_frame11252.jpg,[0.15574946]
face_red_frame11253.jpg,[0.11307805]
face_red_frame11254.jpg,[0.11295607]
face_red_frame11255.jpg,[0.16599475]
face_red_frame11256.jpg,[0.11882244]
face_red_frame11257.jpg,[0.16209295]
face_red_frame11258.jpg,[0.158951]
face_red_frame11259.jpg,[0.15510538]
face_red_frame11260.jpg,[0.15973766]
face_red_frame11261.jpg,[0.15715928]
face_red_frame11273.jpg,[0.2291435]
face_red_frame11274.jpg,[0.16208985]
face_red_frame11275.jpg,[0.18467194]
face_red_frame11276.jpg,[0.18018281]
face_red_frame11277.jpg,[0.1490825]
face_red_frame11278.jpg,[0.13917103]
face_red_frame11279.jpg,[0.1516388]
face_red_frame11280.jpg,[0.15886238]
face_red_frame11281.jpg,[0.14914437]
face_red_frame11282.jpg,[0.1511386]
face_red_frame11283.jpg,[0.15771596]
face_red_frame11284.jpg,[0.16105093]
face_red_frame11285.jpg,[0.17113037]
face_red_frame11286.jpg,[0.16702332]
face_red_frame11287.jpg,[0.16374847]
face_red_frame11288.jpg,[0.1731177]
face_red_frame17054.jpg,[0.35048196]
face_red_frame17273.jpg,[0.03261174]
face_red_frame17274.jpg,[0.21527898]
face_red_frame17276.jpg,[0.5777097]
face_red_frame17277.jpg,[0.5105548]
face_red_frame17278.jpg,[0.11464567]
face_red_frame17279.jpg,[0.07400547]
face_red_frame17280.jpg,[0.17919065]
face_red_frame17281.jpg,[0.13328457]
face_red_frame17282.jpg,[0.16882302]
face_red_frame17283.jpg,[0.10756637]
face_red_frame17284.jpg,[0.25740802]
face_red_frame17521.jpg,[0.31797072]
face_red_frame17522.jpg,[0.276069]
face_red_frame17523.jpg,[0.21821703]
face_red_frame17525.jpg,[0.14761476]
face_red_frame17526.jpg,[0.1346681]
face_red_frame17530.jpg,[0.34311414]
face_red_frame17532.jpg,[0.41927958]
face_red_frame17533.jpg,[0.18015638]
face_red_frame17534.jpg,[0.31000343]
face_red_frame17535.jpg,[0.42076325]
face_red_frame17536.jpg,[0.22747026]
face_red_frame17537.jpg,[0.3727077]
face_red_frame17538.jpg,[0.4609317]
face_red_frame17539.jpg,[0.50437284]
face_red_frame17540.jpg,[0.46257553]
face_red_frame17541.jpg,[0.3285095]
face_red_frame17542.jpg,[0.29473314]
face_red_frame21228.jpg,[0.15822974]
face_red_frame21229.jpg,[0.13531044]
face_red_frame21232.jpg,[0.13962679]
face_red_frame21235.jpg,[0.133784]
face_red_frame21236.jpg,[0.1635347]
face_red_frame21423.jpg,[0.2719681]
face_red_frame21424.jpg,[0.23220721]
face_red_frame21426.jpg,[0.21274899]
face_red_frame21427.jpg,[0.15913875]
face_red_frame21429.jpg,[0.13959682]
face_red_frame21430.jpg,[0.17659439]
face_red_frame21431.jpg,[0.12846164]
face_red_frame21432.jpg,[0.23398784]
face_red_frame21433.jpg,[0.21987797]
face_red_frame21434.jpg,[0.22874184]
face_red_frame21435.jpg,[0.22895023]
face_red_frame21437.jpg,[0.22991632]
face_red_frame21486.jpg,[0.13708957]
face_red_frame21541.jpg,[0.14972244]
face_red_frame21542.jpg,[0.11184358]
face_red_frame21543.jpg,[0.21734208]
face_red_frame21544.jpg,[0.23919131]
face_red_frame21621.jpg,[0.2917969]
face_red_frame21625.jpg,[0.04522543]
face_red_frame21626.jpg,[0.0911845]
face_red_frame21627.jpg,[0.05709568]
face_red_frame21628.jpg,[0.08253098]
face_red_frame21629.jpg,[0.05676306]
face_red_frame21630.jpg,[0.20626412]
face_red_frame21631.jpg,[0.06855014]
face_red_frame21632.jpg,[0.10077966]
face_red_frame21633.jpg,[0.25989848]
face_red_frame21646.jpg,[0.06892658]
face_red_frame21647.jpg,[0.10541236]
face_red_frame21650.jpg,[-0.01168755]
face_red_frame21651.jpg,[0.04241554]
face_red_frame21652.jpg,[0.01548296]
face_red_frame21654.jpg,[0.12529774]
face_red_frame21655.jpg,[0.16007827]
face_red_frame21656.jpg,[0.2529678]
face_red_frame21657.jpg,[0.34284723]
face_red_frame21659.jpg,[0.27612096]
face_red_frame21660.jpg,[0.20455362]
face_red_frame21661.jpg,[0.3896173]
face_red_frame21662.jpg,[0.38382536]
face_red_frame21663.jpg,[0.13015352]
face_red_frame21664.jpg,[0.11569671]
face_red_frame21665.jpg,[0.06321689]
face_red_frame21666.jpg,[0.03276327]
face_red_frame21668.jpg,[0.05754758]
face_red_frame21669.jpg,[0.05450535]
face_red_frame21670.jpg,[0.04335953]
face_red_frame21671.jpg,[0.05088282]
face_red_frame21690.jpg,[0.07023824]
face_red_frame21691.jpg,[0.07644821]
face_red_frame21692.jpg,[0.07128075]
face_red_frame21693.jpg,[0.05381557]
face_red_frame21694.jpg,[0.05788378]
face_red_frame21695.jpg,[0.0393711]
face_red_frame21696.jpg,[0.09415059]
face_red_frame21697.jpg,[0.1004575]
face_red_frame21698.jpg,[0.02549776]
face_red_frame21699.jpg,[0.03244043]
face_red_frame21700.jpg,[0.05802901]
face_red_frame21701.jpg,[0.05615262]
face_red_frame21702.jpg,[0.09483529]
face_red_frame21703.jpg,[0.09231856]
face_red_frame21704.jpg,[0.08499923]
face_red_frame21705.jpg,[0.09495685]
face_red_frame21706.jpg,[0.08260169]
face_red_frame21707.jpg,[0.09423666]
face_red_frame21708.jpg,[0.17512065]
face_red_frame21709.jpg,[0.08080466]
face_red_frame21710.jpg,[0.01211643]
face_red_frame21711.jpg,[-0.0016855]
face_red_frame21712.jpg,[0.03565751]
face_red_frame21713.jpg,[0.02635691]
face_red_frame21714.jpg,[0.01345773]
face_red_frame21715.jpg,[0.05815312]
face_red_frame21716.jpg,[-0.00746413]
face_red_frame21717.jpg,[0.03375235]
face_red_frame21718.jpg,[0.00803266]
face_red_frame21720.jpg,[0.2143287]
face_red_frame21721.jpg,[0.15601704]
face_red_frame21722.jpg,[0.04840791]
face_red_frame21723.jpg,[0.0334052]
face_red_frame21724.jpg,[0.02573334]
face_red_frame21725.jpg,[0.02476525]
face_red_frame21726.jpg,[0.08946504]
face_red_frame21727.jpg,[0.10425187]
face_red_frame21728.jpg,[0.08843375]
face_red_frame21729.jpg,[0.09276255]
face_red_frame21730.jpg,[0.07057732]
face_red_frame21731.jpg,[0.07033991]
face_red_frame21732.jpg,[0.12427568]
face_red_frame21733.jpg,[0.13656698]
face_red_frame21734.jpg,[0.1659483]
face_red_frame21735.jpg,[0.10268795]
face_red_frame21736.jpg,[0.04018469]
face_red_frame21737.jpg,[0.20740166]
face_red_frame21738.jpg,[0.16627029]
face_red_frame21739.jpg,[0.21959709]
face_red_frame21740.jpg,[0.13491829]
face_red_frame21741.jpg,[0.12504019]
face_red_frame21742.jpg,[0.10802092]
face_red_frame21743.jpg,[0.08892125]
face_red_frame21744.jpg,[0.16259839]
face_red_frame21745.jpg,[0.1609761]
face_red_frame21747.jpg,[0.1278997]
face_red_frame21748.jpg,[0.11058821]
face_red_frame21749.jpg,[0.11093216]
face_red_frame21750.jpg,[0.1472294]
face_red_frame21751.jpg,[0.13807388]
face_red_frame21752.jpg,[0.15509824]
face_red_frame21753.jpg,[0.09064087]
face_red_frame21754.jpg,[0.20503509]
face_red_frame21755.jpg,[0.18585129]
face_red_frame21756.jpg,[0.12262852]
face_red_frame21757.jpg,[0.13983136]
face_red_frame21758.jpg,[0.16915092]
face_red_frame21759.jpg,[0.07556452]
face_red_frame21760.jpg,[0.169695]
face_red_frame21761.jpg,[0.13713104]
face_red_frame21762.jpg,[0.08578245]
face_red_frame21763.jpg,[0.09108212]
face_red_frame21764.jpg,[0.0929796]
face_red_frame21765.jpg,[0.09121497]
face_red_frame21766.jpg,[0.07779234]
face_red_frame21767.jpg,[0.12858577]
face_red_frame21768.jpg,[0.12068783]
face_red_frame21769.jpg,[0.1292333]
face_red_frame21770.jpg,[0.12117952]
face_red_frame21771.jpg,[0.10992102]
face_red_frame21772.jpg,[0.06293194]
face_red_frame21773.jpg,[0.07994138]
face_red_frame21774.jpg,[0.12145644]
face_red_frame21775.jpg,[0.10993298]
face_red_frame21776.jpg,[0.11255502]
face_red_frame21777.jpg,[0.07944744]
face_red_frame21778.jpg,[0.05322419]
face_red_frame21779.jpg,[0.04066046]
face_red_frame21780.jpg,[-0.0710852]
face_red_frame21781.jpg,[-0.02450131]
face_red_frame21782.jpg,[0.00935489]
face_red_frame21783.jpg,[0.03397863]
face_red_frame21784.jpg,[0.04504797]
face_red_frame21785.jpg,[0.06959982]
face_red_frame21786.jpg,[0.0437316]
face_red_frame21787.jpg,[0.07240987]
face_red_frame21788.jpg,[0.10807139]
face_red_frame21789.jpg,[0.08777168]
face_red_frame21790.jpg,[-0.03242171]
face_red_frame21791.jpg,[0.08492038]
face_red_frame21792.jpg,[0.09632838]
face_red_frame21793.jpg,[0.14960732]
face_red_frame21794.jpg,[0.07525904]
face_red_frame21795.jpg,[0.09595185]
face_red_frame21796.jpg,[0.09997356]
face_red_frame21797.jpg,[0.03696961]
face_red_frame21798.jpg,[0.07040379]
face_red_frame21799.jpg,[0.03618787]
face_red_frame21800.jpg,[0.07415725]
face_red_frame21801.jpg,[0.08745515]
face_red_frame21802.jpg,[0.09352078]
face_red_frame21803.jpg,[0.08967542]
face_red_frame21804.jpg,[0.09237834]
face_red_frame21805.jpg,[0.02376561]
face_red_frame21806.jpg,[0.07252036]
face_red_frame21807.jpg,[0.07931016]
face_red_frame21808.jpg,[0.08373403]
face_red_frame21809.jpg,[0.083806]
face_red_frame21810.jpg,[0.08437242]
face_red_frame22041.jpg,[0.22888741]
face_red_frame22044.jpg,[0.19249193]
face_red_frame25028.jpg,[0.14384426]
face_red_frame25029.jpg,[0.1912483]
face_red_frame27300.jpg,[0.2244745]
face_red_frame27301.jpg,[0.25699258]
face_red_frame27302.jpg,[0.2827208]
face_red_frame27303.jpg,[0.38587227]
face_red_frame27305.jpg,[0.26438153]
face_red_frame27306.jpg,[0.30690274]
face_red_frame27307.jpg,[0.32876372]
face_red_frame27308.jpg,[0.2195812]
face_red_frame27309.jpg,[0.30261916]
face_red_frame29962.jpg,[0.04393308]
face_red_frame29967.jpg,[0.09765837]
face_red_frame29975.jpg,[0.27406633]
face_red_frame29976.jpg,[0.244771]
face_red_frame29977.jpg,[0.27343187]
face_red_frame29978.jpg,[0.22526248]
face_red_frame29979.jpg,[0.16480008]
face_red_frame29980.jpg,[0.19255768]
face_red_frame29981.jpg,[0.10905422]
face_red_frame29982.jpg,[0.08183246]
face_red_frame29983.jpg,[0.18744098]
face_red_frame29984.jpg,[0.17389163]
face_red_frame29985.jpg,[0.23071857]
face_red_frame30024.jpg,[0.0731356]
face_red_frame30025.jpg,[0.09247661]
face_red_frame30026.jpg,[0.09506563]
face_red_frame30027.jpg,[0.09144334]
face_red_frame30028.jpg,[0.0671212]
face_red_frame30029.jpg,[0.16565914]
face_red_frame30030.jpg,[0.18429826]
face_red_frame30031.jpg,[0.16524205]
face_red_frame30032.jpg,[0.14106789]
face_red_frame30033.jpg,[0.12093109]
face_red_frame30034.jpg,[0.14304113]
face_red_frame30035.jpg,[0.1194234]
face_red_frame30036.jpg,[0.12895875]
face_red_frame30037.jpg,[0.16424622]
face_red_frame30038.jpg,[0.13732834]
face_red_frame30039.jpg,[0.12233243]
face_red_frame30040.jpg,[0.10997114]
face_red_frame30041.jpg,[0.1184631]
face_red_frame30042.jpg,[0.11090127]
face_red_frame30043.jpg,[0.12433321]
face_red_frame30044.jpg,[0.11686764]
face_red_frame30045.jpg,[0.10426843]
face_red_frame30046.jpg,[0.10441572]
face_red_frame30047.jpg,[0.09190402]
face_red_frame30048.jpg,[0.09532188]
face_red_frame30049.jpg,[0.08468641]
face_red_frame30050.jpg,[0.18933235]
face_red_frame30051.jpg,[0.09706548]
face_red_frame30052.jpg,[0.05925364]
face_red_frame30053.jpg,[0.10303773]
face_red_frame30054.jpg,[0.1806506]
face_red_frame30113.jpg,[0.23094948]
face_red_frame30115.jpg,[0.29210016]
face_red_frame30116.jpg,[0.30324534]
face_red_frame30117.jpg,[0.29924163]
face_red_frame30118.jpg,[0.35272464]
face_red_frame30119.jpg,[0.2081224]
face_red_frame30120.jpg,[0.1560389]
face_red_frame30121.jpg,[0.14502552]
face_red_frame30122.jpg,[0.15720436]
face_red_frame30123.jpg,[0.15747994]
face_red_frame30124.jpg,[0.14757617]
face_red_frame30125.jpg,[0.17335875]
face_red_frame30126.jpg,[0.1553834]
face_red_frame30127.jpg,[0.14899424]
face_red_frame30128.jpg,[0.1548966]
face_red_frame30129.jpg,[0.15664615]
face_red_frame30130.jpg,[0.15391588]
face_red_frame30131.jpg,[0.14590536]
face_red_frame30132.jpg,[0.14681652]
face_red_frame30133.jpg,[0.0930765]
face_red_frame30134.jpg,[0.11339347]
face_red_frame30135.jpg,[0.123868]
face_red_frame30136.jpg,[0.16727929]
face_red_frame30138.jpg,[0.21440865]
face_red_frame30539.jpg,[0.17860149]
face_red_frame30545.jpg,[0.2650652]
face_red_frame30549.jpg,[0.17908941]
face_red_frame30551.jpg,[0.10356972]
face_red_frame30552.jpg,[0.2045529]
face_red_frame30555.jpg,[0.16303408]
face_red_frame30559.jpg,[0.1496368]
face_red_frame30560.jpg,[0.13352954]
face_red_frame30561.jpg,[0.1450363]
face_red_frame30562.jpg,[0.18944578]
face_red_frame30563.jpg,[0.21614264]
face_red_frame30564.jpg,[0.30329356]
face_red_frame30565.jpg,[0.29854828]
face_red_frame30566.jpg,[0.22484872]
face_red_frame30567.jpg,[0.2312757]
face_red_frame30568.jpg,[0.2287216]
face_red_frame30569.jpg,[0.36554378]
face_red_frame30570.jpg,[0.32495567]
face_red_frame30571.jpg,[0.3180859]
face_red_frame30572.jpg,[0.3060542]
face_red_frame30573.jpg,[0.33919638]
face_red_frame30574.jpg,[0.30915153]
face_red_frame30575.jpg,[0.26790917]
face_red_frame30592.jpg,[0.25415248]
face_red_frame30593.jpg,[0.2588035]
face_red_frame30594.jpg,[0.2569888]
face_red_frame30595.jpg,[0.23250514]
face_red_frame30631.jpg,[0.03674907]
face_red_frame30632.jpg,[0.05670918]
face_red_frame30698.jpg,[0.09462897]
face_red_frame30699.jpg,[0.11726264]
face_red_frame30700.jpg,[0.08224032]
face_red_frame30701.jpg,[0.08626575]
face_red_frame30702.jpg,[0.15669109]
face_red_frame30703.jpg,[0.13889332]
face_red_frame30704.jpg,[0.16794491]
face_red_frame30705.jpg,[0.15599176]
face_red_frame30706.jpg,[0.1388944]
face_red_frame30707.jpg,[0.13535552]
face_red_frame30744.jpg,[0.14301996]
face_red_frame30745.jpg,[0.13434856]
face_red_frame30746.jpg,[0.12448878]
face_red_frame30747.jpg,[-0.00096253]
face_red_frame30748.jpg,[0.03539771]
face_red_frame30749.jpg,[0.04958955]
face_red_frame30750.jpg,[0.03640536]
face_red_frame30751.jpg,[0.02379017]
face_red_frame30752.jpg,[0.02620053]
face_red_frame30753.jpg,[0.02587097]
face_red_frame30754.jpg,[0.01218413]
face_red_frame30755.jpg,[0.00209038]
face_red_frame30756.jpg,[0.026622]
face_red_frame30757.jpg,[0.04182164]
face_red_frame30758.jpg,[0.03166953]
face_red_frame30759.jpg,[0.03913616]
face_red_frame30760.jpg,[0.02675143]
face_red_frame30761.jpg,[0.04198771]
face_red_frame30762.jpg,[0.03021164]
face_red_frame30763.jpg,[0.0073499]
face_red_frame30764.jpg,[0.00515839]
face_red_frame30765.jpg,[-0.00680331]
face_red_frame30766.jpg,[0.09496077]
face_red_frame30767.jpg,[0.02777941]
face_red_frame30769.jpg,[0.02101504]
face_red_frame30770.jpg,[0.0177078]
face_red_frame30771.jpg,[0.01714318]
face_red_frame30772.jpg,[0.01620264]
face_red_frame30773.jpg,[0.12665883]
face_red_frame30774.jpg,[0.20361342]
face_red_frame30775.jpg,[0.22268967]
face_red_frame30776.jpg,[0.05593565]
face_red_frame30777.jpg,[0.05880687]
face_red_frame30854.jpg,[-0.01562145]
face_red_frame30855.jpg,[-0.00907197]
face_red_frame30857.jpg,[-0.01470783]
face_red_frame30858.jpg,[-0.01355917]
face_red_frame30859.jpg,[-0.01146664]
face_red_frame30860.jpg,[-0.01796276]
face_red_frame30862.jpg,[0.237834]
face_red_frame30870.jpg,[0.0972348]
face_red_frame30872.jpg,[0.11997758]
face_red_frame30873.jpg,[0.05256625]
face_red_frame30874.jpg,[-0.04515093]
face_red_frame30875.jpg,[-0.01466894]
face_red_frame30876.jpg,[-0.03844026]
face_red_frame30877.jpg,[-0.02407184]
face_red_frame30878.jpg,[-0.04405395]
face_red_frame30879.jpg,[-0.04759845]
face_red_frame30880.jpg,[-0.05648109]
face_red_frame30881.jpg,[0.03721257]
face_red_frame30882.jpg,[0.16914704]
face_red_frame30884.jpg,[0.10833048]
face_red_frame30887.jpg,[0.16492419]
face_red_frame30888.jpg,[0.13021947]
face_red_frame30889.jpg,[0.13455223]
face_red_frame30890.jpg,[0.11190696]
face_red_frame30891.jpg,[0.1075893]
face_red_frame30892.jpg,[0.15389644]
face_red_frame30893.jpg,[0.13692167]
face_red_frame30927.jpg,[0.14220253]
face_red_frame30928.jpg,[0.14770664]
face_red_frame30929.jpg,[0.15167755]
face_red_frame30930.jpg,[0.17152984]
face_red_frame30931.jpg,[0.19148202]
face_red_frame30933.jpg,[-0.00694491]
face_red_frame30936.jpg,[0.01039088]
face_red_frame30937.jpg,[-0.00068399]
face_red_frame30938.jpg,[0.02116254]
face_red_frame31005.jpg,[0.15701206]
face_red_frame31007.jpg,[0.37002477]
face_red_frame31008.jpg,[0.1869064]
face_red_frame31009.jpg,[0.1607593]
face_red_frame31010.jpg,[0.09515607]
face_red_frame31011.jpg,[0.07753111]
face_red_frame31012.jpg,[0.11122682]
face_red_frame31013.jpg,[0.11021674]
face_red_frame31014.jpg,[0.1290741]
face_red_frame31066.jpg,[0.04798989]
face_red_frame31073.jpg,[0.09206251]
face_red_frame31086.jpg,[0.21368045]
face_red_frame31087.jpg,[0.03551377]
face_red_frame31088.jpg,[0.10166952]
face_red_frame31093.jpg,[0.19377856]
face_red_frame31094.jpg,[0.05788836]
face_red_frame31104.jpg,[0.13391174]
face_red_frame31117.jpg,[0.03705206]
face_red_frame31118.jpg,[0.05418121]
face_red_frame31119.jpg,[-0.04167566]
face_red_frame31120.jpg,[-0.00739937]
face_red_frame31121.jpg,[0.03254767]
face_red_frame31123.jpg,[-0.01507843]
face_red_frame31124.jpg,[0.10839894]
face_red_frame31126.jpg,[0.0269972]
face_red_frame31127.jpg,[0.1632922]
face_red_frame31128.jpg,[0.03786837]
face_red_frame31129.jpg,[0.03011333]
face_red_frame31130.jpg,[0.07724332]
face_red_frame31131.jpg,[0.26943618]
face_red_frame31133.jpg,[0.32688186]
face_red_frame31139.jpg,[0.27512774]
face_red_frame31140.jpg,[0.26143757]
face_red_frame31141.jpg,[0.22392951]
face_red_frame31142.jpg,[0.16205521]
face_red_frame31143.jpg,[0.17079817]
face_red_frame31145.jpg,[-0.00386457]
face_red_frame31146.jpg,[0.03983164]
face_red_frame31147.jpg,[0.01460001]
face_red_frame31148.jpg,[-0.05780044]
face_red_frame31149.jpg,[-0.02237814]
face_red_frame31150.jpg,[-0.01091162]
face_red_frame31151.jpg,[-0.02569937]
face_red_frame31152.jpg,[0.01261251]
face_red_frame31153.jpg,[0.02575533]
face_red_frame31154.jpg,[0.00691034]
face_red_frame31155.jpg,[0.01967304]
face_red_frame31156.jpg,[0.01367385]
face_red_frame31157.jpg,[0.05216581]
face_red_frame31158.jpg,[-0.01184187]
face_red_frame31159.jpg,[0.02830449]
face_red_frame31160.jpg,[0.04862231]
face_red_frame31161.jpg,[0.07456662]
face_red_frame31162.jpg,[0.1240989]
face_red_frame31164.jpg,[0.03012486]
face_red_frame31171.jpg,[0.13688302]
face_red_frame31172.jpg,[0.05922827]
face_red_frame31246.jpg,[0.19907466]
face_red_frame31247.jpg,[0.20556653]
face_red_frame31248.jpg,[0.21813284]
face_red_frame31249.jpg,[0.2266531]
face_red_frame31250.jpg,[0.23505756]
face_red_frame31251.jpg,[0.23041072]
face_red_frame31252.jpg,[0.2146404]
face_red_frame31253.jpg,[0.22711213]
face_red_frame31254.jpg,[0.21708663]
face_red_frame31255.jpg,[0.21196778]
face_red_frame31256.jpg,[0.21927942]
face_red_frame31257.jpg,[0.21414684]
face_red_frame31258.jpg,[0.24062371]
face_red_frame31259.jpg,[0.22034097]
face_red_frame31260.jpg,[0.22161146]
face_red_frame31261.jpg,[0.20643313]
face_red_frame31262.jpg,[0.20575368]
face_red_frame31263.jpg,[0.20866711]
face_red_frame31264.jpg,[0.21062039]
face_red_frame31265.jpg,[0.20878881]
face_red_frame31266.jpg,[0.19703633]
face_red_frame31267.jpg,[0.22314265]
face_red_frame31268.jpg,[0.24040593]
face_red_frame31269.jpg,[0.22390918]
face_red_frame31270.jpg,[0.18106313]
face_red_frame31271.jpg,[0.21224834]
face_red_frame31272.jpg,[0.24200855]
face_red_frame31273.jpg,[0.23304985]
face_red_frame31274.jpg,[0.25163886]
face_red_frame31275.jpg,[0.25408334]
face_red_frame31276.jpg,[0.25128028]
face_red_frame31277.jpg,[0.21443963]
face_red_frame31289.jpg,[0.26157457]
face_red_frame31290.jpg,[0.15964071]
face_red_frame31296.jpg,[0.32329246]
face_red_frame31307.jpg,[0.17224215]
face_red_frame31324.jpg,[0.29645056]
face_red_frame31508.jpg,[0.25676107]
face_red_frame31509.jpg,[0.18512572]
face_red_frame31510.jpg,[0.2978492]
face_red_frame31511.jpg,[0.2585761]
face_red_frame31512.jpg,[0.39289933]
face_red_frame31513.jpg,[0.17963476]
face_red_frame31514.jpg,[0.20895463]
face_red_frame31515.jpg,[0.26150414]
face_red_frame31516.jpg,[0.26985848]
face_red_frame31517.jpg,[0.37287396]
face_red_frame31518.jpg,[0.29417774]
face_red_frame31519.jpg,[0.2247623]
face_red_frame31520.jpg,[0.33421487]
face_red_frame31521.jpg,[0.35046384]
face_red_frame31522.jpg,[0.3740236]
face_red_frame31523.jpg,[0.27912593]
face_red_frame31547.jpg,[0.13720235]
face_red_frame31548.jpg,[0.13524419]
face_red_frame31549.jpg,[0.12746383]
face_red_frame31550.jpg,[0.18020509]
face_red_frame31551.jpg,[0.132619]
face_red_frame31552.jpg,[0.13404955]
face_red_frame31553.jpg,[0.09194198]
face_red_frame31554.jpg,[0.16580525]
face_red_frame31555.jpg,[0.02755627]
face_red_frame31556.jpg,[0.17475453]
face_red_frame31557.jpg,[0.12427604]
face_red_frame31558.jpg,[0.15441018]
face_red_frame31559.jpg,[0.1341988]
face_red_frame31560.jpg,[0.23032477]
face_red_frame31561.jpg,[0.163763]
face_red_frame31562.jpg,[0.20407863]
face_red_frame31563.jpg,[0.14808309]
face_red_frame31564.jpg,[0.10049807]
face_red_frame31565.jpg,[0.2183101]
face_red_frame31566.jpg,[0.07656662]
face_red_frame31567.jpg,[0.23675218]
face_red_frame31568.jpg,[0.1714719]
face_red_frame31569.jpg,[0.07787876]
face_red_frame31570.jpg,[0.09928138]
face_red_frame31571.jpg,[0.10801082]
face_red_frame31572.jpg,[0.09229968]
face_red_frame31573.jpg,[0.09595463]
face_red_frame31574.jpg,[0.09056634]
face_red_frame31575.jpg,[0.10811803]
face_red_frame31597.jpg,[0.01024982]
face_red_frame31598.jpg,[0.01608985]
face_red_frame31599.jpg,[0.00620107]
face_red_frame31600.jpg,[-0.01756065]
face_red_frame31601.jpg,[-0.01871455]
face_red_frame31602.jpg,[0.175575]
face_red_frame31603.jpg,[-0.02220216]
face_red_frame31604.jpg,[0.20563844]
face_red_frame31605.jpg,[0.00362875]
face_red_frame31606.jpg,[0.20559697]
face_red_frame31607.jpg,[0.17745513]
face_red_frame31608.jpg,[0.18974148]
face_red_frame31609.jpg,[0.2080885]
face_red_frame31610.jpg,[0.29488525]
face_red_frame31611.jpg,[0.38088506]
face_red_frame31612.jpg,[0.15926777]
face_red_frame31613.jpg,[0.02517236]
face_red_frame31614.jpg,[0.07915505]
face_red_frame31615.jpg,[0.06255934]
face_red_frame31616.jpg,[0.09089901]
face_red_frame31617.jpg,[0.07701103]
face_red_frame31618.jpg,[0.11047819]
face_red_frame31619.jpg,[0.1647476]
face_red_frame31620.jpg,[0.22183856]
face_red_frame31621.jpg,[0.20920634]
face_red_frame31622.jpg,[0.16066639]
face_red_frame31623.jpg,[0.11946043]
face_red_frame31624.jpg,[0.11864062]
face_red_frame31625.jpg,[0.18844342]
face_red_frame31626.jpg,[0.23953497]
face_red_frame31627.jpg,[0.24974342]
face_red_frame31628.jpg,[0.19734097]
face_red_frame31629.jpg,[0.19859602]
face_red_frame31630.jpg,[0.0684216]
face_red_frame31716.jpg,[0.08404104]
face_red_frame31717.jpg,[0.0911545]
face_red_frame31718.jpg,[0.12689754]
face_red_frame31719.jpg,[0.08976865]
face_red_frame31720.jpg,[0.09313737]
face_red_frame31721.jpg,[0.09298328]
face_red_frame31722.jpg,[0.12965824]
face_red_frame31723.jpg,[0.09020276]
face_red_frame31724.jpg,[0.08353614]
face_red_frame31725.jpg,[0.08301791]
face_red_frame31727.jpg,[0.12082896]
face_red_frame31728.jpg,[0.10896175]
face_red_frame31729.jpg,[0.14261623]
face_red_frame31730.jpg,[0.13525441]
face_red_frame31755.jpg,[0.17227717]
face_red_frame31757.jpg,[0.08961721]
face_red_frame31802.jpg,[0.12002287]
face_red_frame31803.jpg,[0.09611454]
face_red_frame31805.jpg,[0.23224786]
face_red_frame31806.jpg,[0.21226859]
face_red_frame31807.jpg,[0.2165095]
face_red_frame31808.jpg,[0.10421186]
face_red_frame31809.jpg,[0.11971679]
face_red_frame31810.jpg,[0.25357866]
face_red_frame31811.jpg,[0.2696461]
face_red_frame31812.jpg,[0.22063822]
face_red_frame31814.jpg,[0.17258841]
face_red_frame31816.jpg,[0.14926745]
face_red_frame31817.jpg,[0.1489264]
face_red_frame31819.jpg,[0.08100934]
face_red_frame31820.jpg,[0.13398935]
face_red_frame31821.jpg,[0.22796038]
face_red_frame31822.jpg,[0.24639267]
face_red_frame31900.jpg,[0.17197683]
face_red_frame31904.jpg,[0.17820463]
face_red_frame31905.jpg,[0.12584764]
face_red_frame31957.jpg,[0.16908996]
face_red_frame31958.jpg,[0.16181606]
face_red_frame31959.jpg,[0.21683216]
face_red_frame31960.jpg,[0.16650054]
face_red_frame31961.jpg,[0.11417381]
face_red_frame31962.jpg,[0.12883833]
face_red_frame31990.jpg,[0.07124699]
face_red_frame31992.jpg,[0.06923714]
face_red_frame31993.jpg,[0.20346726]
face_red_frame31995.jpg,[0.15864728]
face_red_frame31996.jpg,[0.18205178]
face_red_frame31998.jpg,[0.16558757]
face_red_frame31999.jpg,[0.16641906]
face_red_frame32000.jpg,[0.12115417]
face_red_frame32084.jpg,[0.22870822]
face_red_frame32085.jpg,[0.22828484]
face_red_frame32086.jpg,[0.19513424]
face_red_frame32088.jpg,[0.2139714]
face_red_frame32089.jpg,[0.22045301]
face_red_frame32090.jpg,[0.22582719]
face_red_frame32091.jpg,[0.26557934]
face_red_frame32092.jpg,[0.30900574]
face_red_frame32093.jpg,[0.23140743]
face_red_frame32094.jpg,[0.20316496]
face_red_frame32095.jpg,[0.21217336]
face_red_frame32096.jpg,[0.20723799]
face_red_frame32097.jpg,[0.22848655]
face_red_frame32098.jpg,[0.1568273]
face_red_frame32099.jpg,[0.18934195]
face_red_frame32100.jpg,[0.3443954]
face_red_frame32101.jpg,[0.24138412]
face_red_frame32102.jpg,[0.28508085]
face_red_frame32103.jpg,[0.2548293]
face_red_frame32104.jpg,[0.1826583]
face_red_frame32105.jpg,[0.299938]
face_red_frame32106.jpg,[0.36645997]
face_red_frame32107.jpg,[0.3222015]
face_red_frame32108.jpg,[0.21830474]
face_red_frame32109.jpg,[0.18734479]
face_red_frame32110.jpg,[0.17587249]
face_red_frame32111.jpg,[0.16310664]
face_red_frame32112.jpg,[0.21444164]
face_red_frame32113.jpg,[0.22759384]
face_red_frame32114.jpg,[0.25656882]
face_red_frame32115.jpg,[0.22088866]
face_red_frame32116.jpg,[0.21844876]
face_red_frame32117.jpg,[0.21626665]
face_red_frame32118.jpg,[0.15024357]
face_red_frame32119.jpg,[0.13235699]
face_red_frame32120.jpg,[0.20100623]
face_red_frame32121.jpg,[0.193838]
face_red_frame32122.jpg,[0.13036762]
face_red_frame32123.jpg,[0.0968214]
face_red_frame32125.jpg,[0.13491048]
face_red_frame32126.jpg,[0.09706838]
face_red_frame32127.jpg,[0.08860056]
face_red_frame32128.jpg,[0.10297915]
face_red_frame32129.jpg,[0.11341997]
face_red_frame32130.jpg,[0.11529229]
face_red_frame32131.jpg,[0.112818]
face_red_frame32132.jpg,[0.1028147]
face_red_frame32133.jpg,[0.10116629]
face_red_frame32134.jpg,[0.09271621]
face_red_frame32135.jpg,[0.10403946]
face_red_frame33318.jpg,[0.5922134]
face_red_frame33859.jpg,[0.14147758]
face_red_frame33861.jpg,[0.18828778]
face_red_frame33871.jpg,[0.21164769]
face_red_frame33883.jpg,[0.33387315]
face_red_frame33898.jpg,[0.3992259]
face_red_frame33899.jpg,[0.42478466]
face_red_frame33900.jpg,[0.36904415]
face_red_frame33901.jpg,[0.40008387]
face_red_frame33902.jpg,[0.27858981]
face_red_frame33903.jpg,[0.18913503]
face_red_frame33920.jpg,[0.17947188]
face_red_frame33921.jpg,[0.20217294]
face_red_frame37203.jpg,[0.24114126]
face_red_frame37210.jpg,[0.22981758]
face_red_frame37212.jpg,[0.3069818]
face_red_frame37213.jpg,[0.35464266]
face_red_frame37219.jpg,[0.15994799]
face_red_frame37220.jpg,[0.18675163]
face_red_frame37221.jpg,[0.2865575]
face_red_frame37222.jpg,[0.1947302]
face_red_frame37224.jpg,[0.21799105]
face_red_frame37225.jpg,[0.13054854]
face_red_frame37227.jpg,[0.18297245]
face_red_frame37228.jpg,[0.14529175]
face_red_frame37229.jpg,[0.14251523]
face_red_frame37231.jpg,[0.14367288]
face_red_frame37232.jpg,[0.14920749]
face_red_frame37233.jpg,[0.15662338]
face_red_frame37235.jpg,[0.11930794]
face_red_frame37236.jpg,[0.09107962]
face_red_frame37237.jpg,[0.1683131]
face_red_frame37239.jpg,[0.14146599]
face_red_frame37240.jpg,[0.11232204]
face_red_frame37241.jpg,[0.11147845]
face_red_frame37244.jpg,[0.16793634]
face_red_frame37245.jpg,[0.23629403]
face_red_frame37246.jpg,[0.24400635]
face_red_frame37247.jpg,[0.1780793]
face_red_frame37248.jpg,[0.2044435]
face_red_frame37250.jpg,[0.25147057]
face_red_frame37518.jpg,[0.1612992]
face_red_frame37520.jpg,[0.07198124]
face_red_frame37526.jpg,[0.24812348]
face_red_frame37547.jpg,[0.15035725]
face_red_frame37565.jpg,[0.10829938]
face_red_frame37566.jpg,[0.06941611]
face_red_frame37567.jpg,[0.0173891]
face_red_frame37569.jpg,[0.05949984]
face_red_frame37570.jpg,[0.04106046]
face_red_frame37575.jpg,[0.08177408]
face_red_frame37576.jpg,[0.07596832]
face_red_frame37577.jpg,[0.10690255]
face_red_frame37578.jpg,[0.10070822]
face_red_frame37580.jpg,[0.02657597]
face_red_frame37581.jpg,[0.02929629]
face_red_frame37582.jpg,[0.00600852]
face_red_frame37592.jpg,[0.28623232]
face_red_frame37595.jpg,[0.14199783]
face_red_frame37598.jpg,[0.10136408]
face_red_frame37599.jpg,[0.10547772]
face_red_frame37603.jpg,[0.07656142]
face_red_frame37605.jpg,[0.16916873]
face_red_frame37606.jpg,[0.2015525]
face_red_frame37614.jpg,[0.15047775]
face_red_frame37615.jpg,[0.16363758]
face_red_frame37616.jpg,[0.19365714]
face_red_frame37617.jpg,[0.13450237]
face_red_frame37619.jpg,[0.14520259]
face_red_frame37620.jpg,[0.13807973]
face_red_frame37626.jpg,[0.19298288]
face_red_frame37630.jpg,[0.28844726]
face_red_frame37631.jpg,[0.09829533]
face_red_frame37632.jpg,[0.0959521]
face_red_frame37655.jpg,[0.02992468]
face_red_frame37656.jpg,[0.00938035]
face_red_frame37657.jpg,[0.0384145]
face_red_frame37658.jpg,[0.08219625]
face_red_frame37659.jpg,[0.03235717]
face_red_frame37660.jpg,[0.0550192]
face_red_frame37661.jpg,[0.04404011]
face_red_frame37662.jpg,[0.05546398]
face_red_frame37663.jpg,[-0.01771085]
face_red_frame37664.jpg,[-0.02211966]
face_red_frame37665.jpg,[-0.00494592]
face_red_frame37666.jpg,[0.00856338]
face_red_frame37667.jpg,[0.00365001]
face_red_frame37668.jpg,[-0.00220661]
face_red_frame37669.jpg,[0.01835637]
face_red_frame37670.jpg,[0.00198666]
face_red_frame37671.jpg,[0.01690169]
face_red_frame37672.jpg,[0.01118749]
face_red_frame37673.jpg,[0.04572165]
face_red_frame37674.jpg,[0.04550669]
face_red_frame37675.jpg,[0.00701754]
face_red_frame37676.jpg,[0.04832439]
face_red_frame37677.jpg,[0.01717837]
face_red_frame37678.jpg,[0.01621602]
face_red_frame37679.jpg,[-0.0060367]
face_red_frame37680.jpg,[0.01075988]
face_red_frame37681.jpg,[0.01808342]
face_red_frame37682.jpg,[0.02086862]
face_red_frame37683.jpg,[0.0891687]
face_red_frame37684.jpg,[0.04860583]
face_red_frame37685.jpg,[0.0819497]
face_red_frame37686.jpg,[0.0891751]
face_red_frame37687.jpg,[0.10015877]
face_red_frame37688.jpg,[0.00703421]
face_red_frame37689.jpg,[0.06468134]
face_red_frame37690.jpg,[0.09402298]
face_red_frame37691.jpg,[0.06474622]
face_red_frame37692.jpg,[0.07578257]
face_red_frame37693.jpg,[0.08908493]
face_red_frame37694.jpg,[0.09200008]
face_red_frame37695.jpg,[0.07341537]
face_red_frame37696.jpg,[0.0772073]
face_red_frame37697.jpg,[0.0893971]
face_red_frame37698.jpg,[0.0592687]
face_red_frame37699.jpg,[0.06321397]
face_red_frame37700.jpg,[0.07532538]
face_red_frame37701.jpg,[0.0619801]
face_red_frame37702.jpg,[0.08841214]
face_red_frame37703.jpg,[0.09141102]
face_red_frame37704.jpg,[0.02082665]
face_red_frame37705.jpg,[0.02449224]
face_red_frame37706.jpg,[0.01756302]
face_red_frame37707.jpg,[0.06703851]
face_red_frame37708.jpg,[0.07064049]
face_red_frame37709.jpg,[0.07362785]
face_red_frame37710.jpg,[0.08260357]
face_red_frame37711.jpg,[0.14110383]
face_red_frame37712.jpg,[0.11411063]
face_red_frame37713.jpg,[0.1421166]
face_red_frame37714.jpg,[0.14936553]
face_red_frame37715.jpg,[0.09694535]
face_red_frame37716.jpg,[0.12139652]
face_red_frame37717.jpg,[0.08130565]
face_red_frame37718.jpg,[0.07437634]
face_red_frame37719.jpg,[0.02511521]
face_red_frame37720.jpg,[0.06714966]
face_red_frame37721.jpg,[0.04909338]
face_red_frame37722.jpg,[0.02904464]
face_red_frame37723.jpg,[0.03499257]
face_red_frame37724.jpg,[0.08047199]
face_red_frame37725.jpg,[0.05395267]
face_red_frame37726.jpg,[0.03789029]
face_red_frame37727.jpg,[0.07270175]
face_red_frame37728.jpg,[0.09009704]
face_red_frame37729.jpg,[0.11130277]
face_red_frame37730.jpg,[0.11327209]
face_red_frame37731.jpg,[0.10093678]
face_red_frame37732.jpg,[0.20779365]
face_red_frame37733.jpg,[0.17023623]
face_red_frame37734.jpg,[0.08649871]
face_red_frame37735.jpg,[0.03714696]
face_red_frame37736.jpg,[0.07498457]
face_red_frame37737.jpg,[0.06618476]
face_red_frame37738.jpg,[0.04510584]
face_red_frame37739.jpg,[0.0451297]
face_red_frame37740.jpg,[0.07263626]
face_red_frame37741.jpg,[0.07497351]
face_red_frame37742.jpg,[0.06344992]
face_red_frame37743.jpg,[0.03910067]
face_red_frame37744.jpg,[0.08237049]
face_red_frame37745.jpg,[0.02069307]
face_red_frame37746.jpg,[0.0163329]
face_red_frame37747.jpg,[0.0101901]
face_red_frame37748.jpg,[0.00471332]
face_red_frame37749.jpg,[0.07602236]
face_red_frame37750.jpg,[0.09293789]
face_red_frame37751.jpg,[0.17603236]
face_red_frame37752.jpg,[0.06026276]
face_red_frame37753.jpg,[0.07929188]
face_red_frame37754.jpg,[0.04629212]
face_red_frame37755.jpg,[0.02831285]
face_red_frame37756.jpg,[0.03745428]
face_red_frame37757.jpg,[0.05076284]
face_red_frame37758.jpg,[0.02692414]
face_red_frame37759.jpg,[0.01254693]
face_red_frame37760.jpg,[0.01519778]
face_red_frame37761.jpg,[0.01457029]
face_red_frame37762.jpg,[0.01477211]
face_red_frame37763.jpg,[0.06418639]
face_red_frame37764.jpg,[0.07100896]
face_red_frame37765.jpg,[0.07541411]
face_red_frame37766.jpg,[0.02829797]
face_red_frame37767.jpg,[0.02597056]
face_red_frame37768.jpg,[0.0740093]
face_red_frame37769.jpg,[0.06465612]
face_red_frame37770.jpg,[0.04253883]
face_red_frame37771.jpg,[0.0053074]
face_red_frame37772.jpg,[0.00178705]
face_red_frame37789.jpg,[0.08075449]
face_red_frame37790.jpg,[0.0327622]
face_red_frame37791.jpg,[0.13698722]
face_red_frame37792.jpg,[0.11794696]
face_red_frame37793.jpg,[0.06775352]
face_red_frame37794.jpg,[0.09652563]
face_red_frame37795.jpg,[0.09609301]
face_red_frame37796.jpg,[0.2022764]
face_red_frame37797.jpg,[0.07655509]
face_red_frame37798.jpg,[0.07234252]
face_red_frame37799.jpg,[0.08842003]
face_red_frame37800.jpg,[0.08252085]
face_red_frame37801.jpg,[0.00172229]
face_red_frame37802.jpg,[0.00453892]
face_red_frame37803.jpg,[0.01065083]
face_red_frame37804.jpg,[0.03659104]
face_red_frame37805.jpg,[0.08117642]
face_red_frame37806.jpg,[0.06564369]
face_red_frame37807.jpg,[0.08654051]
face_red_frame37808.jpg,[0.11433515]
face_red_frame37809.jpg,[0.12884302]
face_red_frame37810.jpg,[0.05361353]
face_red_frame37811.jpg,[0.04344898]
face_red_frame37812.jpg,[0.03149508]
face_red_frame37813.jpg,[0.04877384]
face_red_frame37814.jpg,[0.02948249]
face_red_frame37815.jpg,[0.04068968]
face_red_frame37816.jpg,[0.05456167]
face_red_frame37817.jpg,[0.12135123]
face_red_frame37818.jpg,[0.11889697]
face_red_frame37819.jpg,[0.03447926]
face_red_frame37820.jpg,[0.11554591]
face_red_frame37821.jpg,[0.11990217]
face_red_frame37822.jpg,[0.11844888]
face_red_frame37823.jpg,[0.1243947]
face_red_frame37824.jpg,[0.10205971]
face_red_frame37825.jpg,[0.18294883]
face_red_frame37826.jpg,[0.11732748]
face_red_frame37827.jpg,[0.03015934]
face_red_frame37828.jpg,[0.08962812]
face_red_frame37829.jpg,[0.04429115]
face_red_frame37830.jpg,[0.08630548]
face_red_frame37831.jpg,[0.07784413]
face_red_frame37832.jpg,[0.02080462]
face_red_frame37833.jpg,[0.02993911]
face_red_frame37834.jpg,[0.02348589]
face_red_frame37835.jpg,[0.007788]
face_red_frame37836.jpg,[-0.00397453]
face_red_frame37837.jpg,[0.00587261]
face_red_frame37838.jpg,[-0.01237583]
face_red_frame37839.jpg,[0.01211462]
face_red_frame37840.jpg,[-0.03796593]
face_red_frame37841.jpg,[-0.0360559]
face_red_frame37842.jpg,[-0.0393049]
face_red_frame37843.jpg,[-0.0358612]
face_red_frame37844.jpg,[-0.00940557]
face_red_frame37845.jpg,[-0.00454269]
face_red_frame37846.jpg,[0.0337644]
face_red_frame37847.jpg,[-0.01761128]
face_red_frame37848.jpg,[-0.0096994]
face_red_frame37849.jpg,[0.01134013]
face_red_frame37850.jpg,[0.01192708]
face_red_frame37851.jpg,[0.02620441]
face_red_frame37852.jpg,[0.01831348]
face_red_frame37853.jpg,[0.03343838]
face_red_frame37854.jpg,[0.08019938]
face_red_frame37855.jpg,[0.05745254]
face_red_frame37856.jpg,[0.08895502]
face_red_frame37857.jpg,[0.06922032]
face_red_frame37858.jpg,[0.09301892]
face_red_frame37859.jpg,[0.07670896]
face_red_frame37860.jpg,[0.10665541]
face_red_frame37861.jpg,[0.09709128]
face_red_frame37862.jpg,[0.08321368]
face_red_frame37863.jpg,[0.07072315]
face_red_frame37864.jpg,[0.05370154]
face_red_frame37865.jpg,[0.05237124]
face_red_frame37866.jpg,[0.0669921]
face_red_frame37867.jpg,[0.07100439]
face_red_frame37868.jpg,[0.05542809]
face_red_frame37869.jpg,[0.05551287]
face_red_frame37870.jpg,[0.08650257]
face_red_frame37871.jpg,[0.06806784]
face_red_frame37872.jpg,[0.0638587]
face_red_frame37873.jpg,[0.07241318]
face_red_frame37874.jpg,[0.07530667]
face_red_frame37875.jpg,[0.09307221]
face_red_frame37876.jpg,[0.10838477]
face_red_frame37877.jpg,[0.1221835]
face_red_frame37878.jpg,[0.04924087]
face_red_frame37879.jpg,[0.07004486]
face_red_frame37880.jpg,[0.0911142]
face_red_frame37881.jpg,[0.09238982]
face_red_frame37882.jpg,[0.08743658]
face_red_frame37883.jpg,[0.09063306]
face_red_frame37884.jpg,[0.11311079]
face_red_frame37885.jpg,[0.06048274]
face_red_frame37886.jpg,[0.05913019]
face_red_frame37887.jpg,[0.08595423]
face_red_frame37888.jpg,[0.10439944]
face_red_frame37889.jpg,[0.08051783]
face_red_frame37890.jpg,[0.04515811]
face_red_frame37891.jpg,[0.10919058]
face_red_frame37892.jpg,[0.13146843]
face_red_frame37893.jpg,[0.06795935]
face_red_frame37894.jpg,[0.05915553]
face_red_frame37895.jpg,[0.13701639]
face_red_frame37896.jpg,[0.06178297]
face_red_frame37897.jpg,[0.05488311]
face_red_frame37898.jpg,[0.13178848]
face_red_frame37899.jpg,[0.11711185]
face_red_frame37900.jpg,[0.09657355]
face_red_frame37901.jpg,[0.1141803]
face_red_frame37902.jpg,[0.05605629]
face_red_frame37903.jpg,[0.12940353]
face_red_frame37904.jpg,[0.1187745]
face_red_frame37905.jpg,[0.126627]
face_red_frame37906.jpg,[0.10949003]
face_red_frame37907.jpg,[0.10472073]
face_red_frame37908.jpg,[0.12155271]
face_red_frame37909.jpg,[0.12183865]
face_red_frame37910.jpg,[0.12706375]
face_red_frame37911.jpg,[0.09671576]
face_red_frame37912.jpg,[0.09693538]
face_red_frame37913.jpg,[0.07844903]
face_red_frame37914.jpg,[0.19157787]
face_red_frame37915.jpg,[0.09923576]
face_red_frame37916.jpg,[0.05835006]
face_red_frame37917.jpg,[0.07908903]
face_red_frame37918.jpg,[0.05173307]
face_red_frame37919.jpg,[0.05455433]
face_red_frame37920.jpg,[0.06794274]
face_red_frame37921.jpg,[0.07516541]
face_red_frame37922.jpg,[0.06982794]
face_red_frame37923.jpg,[0.06263936]
face_red_frame37924.jpg,[0.05527258]
face_red_frame37925.jpg,[0.04765853]
face_red_frame37926.jpg,[0.0256374]
face_red_frame37927.jpg,[0.00520821]
face_red_frame37928.jpg,[0.00672014]
face_red_frame37929.jpg,[0.02341129]
face_red_frame37930.jpg,[0.01886946]
face_red_frame37931.jpg,[0.04833035]
face_red_frame37932.jpg,[0.08085658]
face_red_frame37933.jpg,[0.06591351]
face_red_frame37934.jpg,[0.09830537]
face_red_frame37935.jpg,[0.11720172]
face_red_frame37936.jpg,[0.0770752]
face_red_frame37937.jpg,[0.09978547]
face_red_frame37938.jpg,[0.07125522]
face_red_frame37939.jpg,[0.0712576]
face_red_frame37940.jpg,[0.08585596]
face_red_frame37941.jpg,[0.07216752]
face_red_frame37942.jpg,[0.05721059]
face_red_frame37943.jpg,[0.04937844]
face_red_frame37944.jpg,[0.04647927]
face_red_frame37945.jpg,[0.04505263]
face_red_frame37946.jpg,[0.04491643]
face_red_frame37947.jpg,[-0.0066949]
face_red_frame37948.jpg,[0.06375185]
face_red_frame37949.jpg,[-0.02620573]
face_red_frame37950.jpg,[0.04100326]
face_red_frame37951.jpg,[0.03847511]
face_red_frame37952.jpg,[0.03441263]
face_red_frame37953.jpg,[0.04686967]
face_red_frame37954.jpg,[0.00824431]
face_red_frame37955.jpg,[-0.02094322]
face_red_frame37956.jpg,[-0.00379765]
face_red_frame37957.jpg,[-0.01101835]
face_red_frame37958.jpg,[0.01055143]
face_red_frame37959.jpg,[0.00792851]
face_red_frame37960.jpg,[0.02038982]
face_red_frame37961.jpg,[0.02940417]
face_red_frame37962.jpg,[0.02355623]
face_red_frame37963.jpg,[0.03280821]
face_red_frame37964.jpg,[0.03938484]
face_red_frame37965.jpg,[0.02643934]
face_red_frame37966.jpg,[0.03369302]
face_red_frame37967.jpg,[0.03619842]
face_red_frame37968.jpg,[0.11984205]
face_red_frame37969.jpg,[0.24148956]
face_red_frame37970.jpg,[0.17207433]
face_red_frame37971.jpg,[0.10854433]
face_red_frame37972.jpg,[0.05796904]
face_red_frame37973.jpg,[0.06482591]
face_red_frame37974.jpg,[0.05519053]
face_red_frame37975.jpg,[0.03738623]
face_red_frame37976.jpg,[0.03677815]
face_red_frame37977.jpg,[0.03874356]
face_red_frame37978.jpg,[0.04081618]
face_red_frame37979.jpg,[0.03801599]
face_red_frame37980.jpg,[0.03676656]
face_red_frame37981.jpg,[0.02699491]
face_red_frame37982.jpg,[0.01588802]
face_red_frame37983.jpg,[0.02742874]
face_red_frame37984.jpg,[0.0270097]
face_red_frame37985.jpg,[0.0218493]
face_red_frame37986.jpg,[0.05977178]
face_red_frame37987.jpg,[0.07594595]
face_red_frame37988.jpg,[0.03756319]
face_red_frame37989.jpg,[0.0773231]
face_red_frame37990.jpg,[0.10610136]
face_red_frame37991.jpg,[0.11626503]
face_red_frame37992.jpg,[0.11378182]
face_red_frame37993.jpg,[0.09621347]
face_red_frame37994.jpg,[0.0728019]
face_red_frame37995.jpg,[0.08430669]
face_red_frame37996.jpg,[0.09333213]
face_red_frame37997.jpg,[0.08839031]
face_red_frame37998.jpg,[0.08736277]
face_red_frame37999.jpg,[0.07823734]
face_red_frame38000.jpg,[0.06426324]
face_red_frame38001.jpg,[0.04762765]
face_red_frame38002.jpg,[0.06741863]
face_red_frame38003.jpg,[0.07311051]
face_red_frame38004.jpg,[0.05798677]
face_red_frame38005.jpg,[0.07223274]
face_red_frame38006.jpg,[0.04008998]
face_red_frame38007.jpg,[0.02978823]
face_red_frame38008.jpg,[0.04292231]
face_red_frame38009.jpg,[0.05556129]
face_red_frame38010.jpg,[0.01229885]
face_red_frame38011.jpg,[0.03061626]
face_red_frame38012.jpg,[0.04565294]
face_red_frame38013.jpg,[0.05347054]
face_red_frame38014.jpg,[0.05524641]
face_red_frame38015.jpg,[0.07628974]
face_red_frame38016.jpg,[0.06902948]
face_red_frame38017.jpg,[-0.00128959]
face_red_frame38018.jpg,[0.06623324]
face_red_frame38019.jpg,[0.05885405]
face_red_frame38020.jpg,[0.0426645]
face_red_frame38021.jpg,[0.05203822]
face_red_frame38022.jpg,[0.05653017]
face_red_frame38023.jpg,[0.0481038]
face_red_frame38024.jpg,[0.05757019]
face_red_frame38025.jpg,[0.02998834]
face_red_frame38026.jpg,[0.09279495]
face_red_frame38027.jpg,[0.03257728]
face_red_frame38028.jpg,[0.03391449]
face_red_frame38029.jpg,[0.02554372]
face_red_frame38030.jpg,[0.01524251]
face_red_frame38057.jpg,[0.04369139]
face_red_frame38058.jpg,[0.03702841]
face_red_frame38059.jpg,[0.0319448]
face_red_frame38060.jpg,[0.02568542]
face_red_frame38061.jpg,[0.04122444]
face_red_frame38062.jpg,[0.01686459]
face_red_frame38063.jpg,[0.01604106]
face_red_frame38064.jpg,[0.03773687]
face_red_frame38065.jpg,[0.06423049]
face_red_frame38066.jpg,[0.07344709]
face_red_frame38067.jpg,[0.04280953]
face_red_frame38068.jpg,[0.08849544]
face_red_frame38069.jpg,[0.05695632]
face_red_frame38070.jpg,[0.05188198]
face_red_frame38071.jpg,[0.03806266]
face_red_frame38072.jpg,[0.07234808]
face_red_frame38073.jpg,[0.06861]
face_red_frame38074.jpg,[0.04560005]
face_red_frame38075.jpg,[0.04394795]
face_red_frame38076.jpg,[0.05046428]
face_red_frame38077.jpg,[0.03038547]
face_red_frame38078.jpg,[0.04668782]
face_red_frame38079.jpg,[0.02425958]
face_red_frame38080.jpg,[0.04726151]
face_red_frame38081.jpg,[0.07599344]
face_red_frame38082.jpg,[0.08259791]
face_red_frame38083.jpg,[0.06995897]
face_red_frame38084.jpg,[0.04795233]
face_red_frame38085.jpg,[0.03115102]
face_red_frame38086.jpg,[0.01471574]
face_red_frame38087.jpg,[0.02645871]
face_red_frame38088.jpg,[0.03466025]
face_red_frame38089.jpg,[0.04236662]
face_red_frame38090.jpg,[0.02145831]
face_red_frame38091.jpg,[0.03817759]
face_red_frame38092.jpg,[0.01177873]
face_red_frame38093.jpg,[-0.00844479]
face_red_frame38094.jpg,[-0.00126504]
face_red_frame38095.jpg,[0.00650007]
face_red_frame38096.jpg,[0.00416548]
face_red_frame38097.jpg,[0.00323269]
face_red_frame38098.jpg,[0.02202139]
face_red_frame38099.jpg,[0.02536156]
face_red_frame38100.jpg,[0.01823681]
face_red_frame38101.jpg,[0.02228942]
face_red_frame38102.jpg,[0.02847137]
face_red_frame38103.jpg,[0.0333027]
face_red_frame38104.jpg,[0.03093875]
face_red_frame38105.jpg,[0.08427916]
face_red_frame38106.jpg,[0.07007091]
face_red_frame38107.jpg,[0.03207082]
face_red_frame38108.jpg,[0.01493725]
face_red_frame38109.jpg,[0.07532579]
face_red_frame38110.jpg,[0.06229361]
face_red_frame38111.jpg,[0.04694135]
face_red_frame38112.jpg,[0.04811226]
face_red_frame38113.jpg,[0.0450596]
face_red_frame38114.jpg,[0.04063898]
face_red_frame38148.jpg,[0.05427935]
face_red_frame38149.jpg,[0.07106697]
face_red_frame38150.jpg,[0.04897618]
face_red_frame38151.jpg,[0.06160472]
face_red_frame38152.jpg,[0.11017972]
face_red_frame38155.jpg,[0.16353151]
face_red_frame38156.jpg,[0.12081929]
face_red_frame38157.jpg,[0.11870389]
face_red_frame38158.jpg,[0.15119927]
face_red_frame38159.jpg,[0.20755513]
face_red_frame38160.jpg,[0.26273966]
face_red_frame38161.jpg,[0.213013]
face_red_frame38162.jpg,[0.24039067]
face_red_frame38164.jpg,[0.19503272]
face_red_frame38165.jpg,[0.20793922]
face_red_frame38166.jpg,[0.11491621]
face_red_frame38167.jpg,[0.05711131]
face_red_frame38168.jpg,[0.03575815]
face_red_frame38169.jpg,[0.0631828]
face_red_frame38322.jpg,[0.2678023]
face_red_frame38326.jpg,[0.39943197]
face_red_frame38327.jpg,[0.4056652]
face_red_frame38328.jpg,[0.4259503]
face_red_frame38329.jpg,[0.37083164]
face_red_frame38330.jpg,[0.36645928]
face_red_frame38331.jpg,[0.2670115]
face_red_frame38332.jpg,[0.3523112]
face_red_frame38333.jpg,[0.18722455]
face_red_frame38334.jpg,[0.17824182]
face_red_frame38335.jpg,[0.20464703]
face_red_frame38336.jpg,[0.17656727]
face_red_frame38337.jpg,[0.20542529]
face_red_frame38423.jpg,[0.28179306]
face_red_frame38424.jpg,[0.2802767]
face_red_frame38431.jpg,[0.2795998]
face_red_frame38675.jpg,[0.18149689]
face_red_frame38676.jpg,[0.14968581]
face_red_frame38677.jpg,[0.21741731]
face_red_frame38753.jpg,[0.28486773]
face_red_frame39281.jpg,[0.45327064]
face_red_frame39285.jpg,[0.24636185]
face_red_frame39287.jpg,[0.3424288]
face_red_frame39288.jpg,[0.2464758]
face_red_frame39289.jpg,[0.20521349]
face_red_frame39291.jpg,[0.34280062]
face_red_frame39292.jpg,[0.35462722]
face_red_frame39294.jpg,[0.26687253]
face_red_frame39295.jpg,[0.32218513]
face_red_frame39297.jpg,[0.31632692]
face_red_frame39298.jpg,[0.18281004]
face_red_frame39694.jpg,[0.34801367]
face_red_frame39695.jpg,[0.4693522]
face_red_frame39710.jpg,[0.3103107]
face_red_frame39726.jpg,[0.19833872]
face_red_frame39729.jpg,[0.26538062]
face_red_frame39730.jpg,[0.3562348]
face_red_frame39733.jpg,[0.26330662]
face_red_frame39734.jpg,[0.21129571]
face_red_frame39736.jpg,[0.18795276]
face_red_frame39737.jpg,[0.19090605]
face_red_frame39738.jpg,[0.23508115]
face_red_frame39759.jpg,[0.4568001]
face_red_frame39760.jpg,[0.2977498]
face_red_frame39761.jpg,[0.28547415]
face_red_frame39762.jpg,[0.39121288]
face_red_frame39764.jpg,[0.37768114]
face_red_frame39765.jpg,[0.49622345]
face_red_frame39773.jpg,[0.29914582]
face_red_frame40034.jpg,[0.353707]
face_red_frame40138.jpg,[0.17664318]
face_red_frame40327.jpg,[0.1320496]
face_red_frame40328.jpg,[0.13998877]
face_red_frame40330.jpg,[0.13391483]
face_red_frame40331.jpg,[0.13653438]
face_red_frame40332.jpg,[0.1525104]
face_red_frame40348.jpg,[0.11678754]
face_red_frame40349.jpg,[0.10241123]
face_red_frame40352.jpg,[0.13083315]
face_red_frame40353.jpg,[0.04395931]
face_red_frame40354.jpg,[0.09330401]
face_red_frame40355.jpg,[0.10799938]
face_red_frame40356.jpg,[0.08244646]
face_red_frame40357.jpg,[0.10428414]
face_red_frame40358.jpg,[0.11041746]
face_red_frame40359.jpg,[0.12736952]
face_red_frame40360.jpg,[0.15258577]
face_red_frame40361.jpg,[0.15210898]
face_red_frame40362.jpg,[0.1288055]
face_red_frame40363.jpg,[0.14971085]
face_red_frame40364.jpg,[0.15450183]
face_red_frame40365.jpg,[0.16762595]
face_red_frame40366.jpg,[0.19197646]
face_red_frame40367.jpg,[0.19189519]
face_red_frame40368.jpg,[0.19462138]
face_red_frame40369.jpg,[0.21767536]
face_red_frame40370.jpg,[0.21825132]
face_red_frame40371.jpg,[0.16243121]
face_red_frame40372.jpg,[0.11816834]
face_red_frame40373.jpg,[0.12835695]
face_red_frame40374.jpg,[0.13846964]
face_red_frame40375.jpg,[0.14944234]
face_red_frame40376.jpg,[0.17688408]
face_red_frame40377.jpg,[0.17938164]
face_red_frame40378.jpg,[0.20380816]
face_red_frame40379.jpg,[0.19852903]
face_red_frame40380.jpg,[0.19512595]
face_red_frame40381.jpg,[0.1670645]
face_red_frame40382.jpg,[0.15580209]
face_red_frame40383.jpg,[0.14564966]
face_red_frame40384.jpg,[0.17583536]
face_red_frame40385.jpg,[0.16370447]
face_red_frame40386.jpg,[0.16620855]
face_red_frame40387.jpg,[0.1528843]
face_red_frame40388.jpg,[0.14443527]
face_red_frame40389.jpg,[0.16795082]
face_red_frame40390.jpg,[0.16273162]
face_red_frame40391.jpg,[0.16701184]
face_red_frame40393.jpg,[0.13137491]
face_red_frame40394.jpg,[0.18482219]
face_red_frame40395.jpg,[0.19791625]
face_red_frame40396.jpg,[0.20866665]
face_red_frame40397.jpg,[0.1828465]
face_red_frame40398.jpg,[0.18947305]
face_red_frame40399.jpg,[0.17412692]
face_red_frame40400.jpg,[0.1437146]
face_red_frame40401.jpg,[0.1774311]
face_red_frame40402.jpg,[0.17947704]
face_red_frame40403.jpg,[0.16927385]
face_red_frame40404.jpg,[0.17966409]
face_red_frame40405.jpg,[0.15948606]
face_red_frame40406.jpg,[0.13200769]
face_red_frame40407.jpg,[0.10480531]
face_red_frame40408.jpg,[0.11118361]
face_red_frame40409.jpg,[0.11906682]
face_red_frame40410.jpg,[0.13908203]
face_red_frame40411.jpg,[0.15168458]
face_red_frame40412.jpg,[0.1509108]
face_red_frame40413.jpg,[0.1470541]
face_red_frame40414.jpg,[0.12241625]
face_red_frame40415.jpg,[0.17143056]
face_red_frame40416.jpg,[0.12846793]
face_red_frame40417.jpg,[0.19369262]
face_red_frame40418.jpg,[0.18701427]
face_red_frame40419.jpg,[0.11347387]
face_red_frame40420.jpg,[0.14585039]
face_red_frame40421.jpg,[0.17853108]
face_red_frame40422.jpg,[0.18806924]
face_red_frame40423.jpg,[0.1931242]
face_red_frame40424.jpg,[0.20087044]
face_red_frame40425.jpg,[0.2180929]
face_red_frame40426.jpg,[0.17703085]
face_red_frame40427.jpg,[0.15497366]
face_red_frame40428.jpg,[0.176483]
face_red_frame40429.jpg,[0.17084388]
face_red_frame40430.jpg,[0.17452605]
face_red_frame40431.jpg,[0.1948261]
face_red_frame40432.jpg,[0.18200757]
face_red_frame40433.jpg,[0.17842956]
face_red_frame40434.jpg,[0.21327122]
face_red_frame40435.jpg,[0.19478917]
face_red_frame40436.jpg,[0.20975497]
face_red_frame40437.jpg,[0.13500232]
face_red_frame40438.jpg,[0.20904633]
face_red_frame40439.jpg,[0.20030892]
face_red_frame40440.jpg,[0.20122261]
face_red_frame40441.jpg,[0.19931082]
face_red_frame40442.jpg,[0.19921112]
face_red_frame40443.jpg,[0.2153214]
face_red_frame40444.jpg,[0.22928268]
face_red_frame40445.jpg,[0.23093973]
face_red_frame40446.jpg,[0.2171079]
face_red_frame40447.jpg,[0.17939451]
face_red_frame40448.jpg,[0.166491]
face_red_frame40449.jpg,[0.14422175]
face_red_frame40450.jpg,[0.15713981]
face_red_frame40451.jpg,[0.22126108]
face_red_frame40452.jpg,[0.14197065]
face_red_frame40453.jpg,[0.18080573]
face_red_frame40455.jpg,[0.15000524]
face_red_frame40456.jpg,[0.1572347]
face_red_frame40457.jpg,[0.16981195]
face_red_frame40458.jpg,[0.20390303]
face_red_frame40459.jpg,[0.16120948]
face_red_frame40460.jpg,[0.1564156]
face_red_frame40461.jpg,[0.15876114]
face_red_frame40462.jpg,[0.21273114]
face_red_frame40463.jpg,[0.21275032]
face_red_frame40464.jpg,[0.198332]
face_red_frame40465.jpg,[0.22137532]
face_red_frame40466.jpg,[0.21513501]
face_red_frame40467.jpg,[0.219237]
face_red_frame40468.jpg,[0.22924611]
face_red_frame40469.jpg,[0.2191704]
face_red_frame40470.jpg,[0.22001904]
face_red_frame40471.jpg,[0.22396591]
face_red_frame40472.jpg,[0.22231327]
face_red_frame40473.jpg,[0.22318858]
face_red_frame40474.jpg,[0.22523195]
face_red_frame40475.jpg,[0.23130909]
face_red_frame40646.jpg,[0.1104962]
face_red_frame40647.jpg,[0.03446427]
face_red_frame40648.jpg,[0.12132557]
face_red_frame40649.jpg,[0.08867933]
face_red_frame40650.jpg,[0.13688363]
face_red_frame40752.jpg,[0.19299866]
face_red_frame40755.jpg,[0.17825736]
face_red_frame40756.jpg,[0.25952017]
face_red_frame40758.jpg,[0.1823276]
face_red_frame40759.jpg,[0.1834111]
face_red_frame40760.jpg,[0.13939084]
face_red_frame40761.jpg,[0.17406495]
face_red_frame40762.jpg,[0.08309078]
face_red_frame40763.jpg,[0.13922977]
face_red_frame40764.jpg,[0.11038167]
face_red_frame40765.jpg,[0.12816815]
face_red_frame40766.jpg,[0.14509025]
face_red_frame40767.jpg,[0.14889409]
face_red_frame40768.jpg,[0.11431149]
face_red_frame40769.jpg,[0.12717737]
face_red_frame40770.jpg,[0.13088046]
face_red_frame40771.jpg,[0.04005875]
face_red_frame40772.jpg,[-0.01955776]
face_red_frame40773.jpg,[0.12226983]
face_red_frame40774.jpg,[0.167046]
face_red_frame40775.jpg,[0.15082689]
face_red_frame40776.jpg,[0.08700089]
face_red_frame40777.jpg,[0.09604935]
face_red_frame40778.jpg,[0.2716075]
face_red_frame40779.jpg,[0.20053579]
face_red_frame40780.jpg,[0.18257047]
face_red_frame40781.jpg,[0.25146684]
face_red_frame40782.jpg,[0.29665488]
face_red_frame40783.jpg,[0.13210095]
face_red_frame40785.jpg,[0.27209485]
face_red_frame40786.jpg,[0.18664089]
face_red_frame40787.jpg,[0.21609291]
face_red_frame40788.jpg,[0.24444865]
face_red_frame40790.jpg,[0.12013113]
face_red_frame40791.jpg,[0.15863173]
face_red_frame40877.jpg,[0.22115596]
