face_tommy_frame25048.jpg,[0.12487553]
face_tommy_frame25053.jpg,[0.25488716]
face_tommy_frame25210.jpg,[0.28460848]
face_tommy_frame25215.jpg,[0.1550996]
face_tommy_frame25254.jpg,[0.18982735]
face_tommy_frame25278.jpg,[0.29187056]
face_tommy_frame25308.jpg,[0.08219022]
face_tommy_frame25311.jpg,[0.13766173]
face_tommy_frame25312.jpg,[0.15118398]
face_tommy_frame25313.jpg,[0.15077756]
face_tommy_frame25314.jpg,[0.19473845]
face_tommy_frame25315.jpg,[0.15060833]
face_tommy_frame25316.jpg,[0.10344231]
face_tommy_frame25317.jpg,[0.13380963]
face_tommy_frame25318.jpg,[0.2659125]
face_tommy_frame25319.jpg,[0.29902157]
face_tommy_frame25321.jpg,[0.30405888]
face_tommy_frame25324.jpg,[0.18398236]
face_tommy_frame25411.jpg,[0.09064327]
face_tommy_frame25414.jpg,[0.10944761]
face_tommy_frame25415.jpg,[0.08448105]
face_tommy_frame25416.jpg,[0.09479782]
face_tommy_frame25417.jpg,[0.08748939]
face_tommy_frame25418.jpg,[0.13219863]
face_tommy_frame25419.jpg,[0.16928224]
face_tommy_frame25460.jpg,[0.17960621]
face_tommy_frame25461.jpg,[0.08129556]
face_tommy_frame25462.jpg,[0.22974107]
face_tommy_frame25463.jpg,[0.19908544]
face_tommy_frame25467.jpg,[0.20708427]
face_tommy_frame25479.jpg,[0.38080552]
face_tommy_frame25482.jpg,[0.30975974]
face_tommy_frame25483.jpg,[0.26895103]
face_tommy_frame25485.jpg,[0.142846]
face_tommy_frame25486.jpg,[0.1490454]
face_tommy_frame25502.jpg,[0.1625155]
face_tommy_frame25503.jpg,[0.24901985]
face_tommy_frame25504.jpg,[0.24357098]
face_tommy_frame25506.jpg,[0.2858355]
face_tommy_frame25507.jpg,[0.2563397]
face_tommy_frame25508.jpg,[0.2871957]
face_tommy_frame25513.jpg,[0.32694003]
face_tommy_frame25519.jpg,[0.35113207]
face_tommy_frame25520.jpg,[0.11054298]
face_tommy_frame25521.jpg,[0.13107729]
face_tommy_frame25523.jpg,[0.09227096]
face_tommy_frame25524.jpg,[0.26662335]
face_tommy_frame25526.jpg,[0.4032575]
face_tommy_frame25527.jpg,[0.2422215]
face_tommy_frame25528.jpg,[0.27011457]
face_tommy_frame25529.jpg,[0.35219714]
face_tommy_frame25530.jpg,[0.21781613]
face_tommy_frame25534.jpg,[0.22605205]
face_tommy_frame25535.jpg,[0.157714]
face_tommy_frame25536.jpg,[0.15910654]
face_tommy_frame25537.jpg,[0.41134992]
face_tommy_frame25538.jpg,[0.27052012]
face_tommy_frame25539.jpg,[0.32379773]
face_tommy_frame25540.jpg,[0.32683194]
face_tommy_frame25541.jpg,[0.2249083]
face_tommy_frame25542.jpg,[0.21938382]
face_tommy_frame25543.jpg,[0.31315556]
face_tommy_frame25544.jpg,[0.3333384]
face_tommy_frame25545.jpg,[0.33713728]
face_tommy_frame25547.jpg,[0.23229402]
face_tommy_frame25548.jpg,[0.29457423]
face_tommy_frame25549.jpg,[0.22461933]
face_tommy_frame25550.jpg,[0.25949743]
face_tommy_frame25551.jpg,[0.20250055]
face_tommy_frame25552.jpg,[0.12402638]
face_tommy_frame25553.jpg,[0.11173583]
face_tommy_frame25554.jpg,[0.14391617]
face_tommy_frame25555.jpg,[0.12632261]
face_tommy_frame25556.jpg,[0.14234453]
face_tommy_frame25557.jpg,[0.09820896]
face_tommy_frame25559.jpg,[0.1452255]
face_tommy_frame25560.jpg,[0.14514945]
face_tommy_frame25561.jpg,[0.14124571]
face_tommy_frame25562.jpg,[0.1311076]
face_tommy_frame25563.jpg,[0.13573757]
face_tommy_frame25564.jpg,[0.13110851]
face_tommy_frame25565.jpg,[0.17867798]
face_tommy_frame25566.jpg,[0.16101085]
face_tommy_frame25567.jpg,[0.13449827]
face_tommy_frame25570.jpg,[0.12871353]
face_tommy_frame25571.jpg,[0.21199906]
face_tommy_frame25572.jpg,[0.1192411]
face_tommy_frame25573.jpg,[0.12812652]
face_tommy_frame25577.jpg,[0.35154337]
face_tommy_frame25578.jpg,[0.26556924]
face_tommy_frame25579.jpg,[0.2591752]
face_tommy_frame25580.jpg,[0.33066794]
face_tommy_frame25581.jpg,[0.64054954]
face_tommy_frame25582.jpg,[0.295974]
face_tommy_frame25583.jpg,[0.25848365]
face_tommy_frame25584.jpg,[0.5226242]
face_tommy_frame25585.jpg,[0.49858713]
face_tommy_frame25586.jpg,[0.22641098]
face_tommy_frame25588.jpg,[0.3337159]
face_tommy_frame25589.jpg,[0.4034426]
face_tommy_frame25590.jpg,[0.22997776]
face_tommy_frame25591.jpg,[0.21042247]
face_tommy_frame25592.jpg,[0.15815134]
face_tommy_frame25594.jpg,[0.33341125]
face_tommy_frame25605.jpg,[0.41551313]
face_tommy_frame25607.jpg,[0.25063404]
face_tommy_frame25625.jpg,[0.18671742]
face_tommy_frame25626.jpg,[0.2181298]
face_tommy_frame25627.jpg,[0.27124324]
face_tommy_frame25629.jpg,[0.25373313]
face_tommy_frame25630.jpg,[0.36731565]
face_tommy_frame25631.jpg,[0.21041165]
face_tommy_frame25632.jpg,[0.36372238]
face_tommy_frame25633.jpg,[0.09833737]
face_tommy_frame25634.jpg,[0.06273929]
face_tommy_frame25635.jpg,[0.11604508]
face_tommy_frame25636.jpg,[0.40500477]
face_tommy_frame25637.jpg,[0.10352798]
face_tommy_frame25638.jpg,[0.09259508]
face_tommy_frame25640.jpg,[0.1363673]
face_tommy_frame25641.jpg,[0.13297145]
face_tommy_frame25642.jpg,[0.14047554]
face_tommy_frame25643.jpg,[0.16224985]
face_tommy_frame25644.jpg,[0.13619196]
face_tommy_frame25645.jpg,[0.13126497]
face_tommy_frame25646.jpg,[0.140909]
face_tommy_frame25647.jpg,[0.12202348]
face_tommy_frame25648.jpg,[0.11543267]
face_tommy_frame25649.jpg,[0.15880598]
face_tommy_frame25673.jpg,[0.28251985]
face_tommy_frame25674.jpg,[0.17541103]
face_tommy_frame25675.jpg,[0.17918596]
face_tommy_frame25712.jpg,[0.17683592]
face_tommy_frame26179.jpg,[0.47092393]
face_tommy_frame26180.jpg,[0.40440267]
face_tommy_frame26206.jpg,[0.14474346]
face_tommy_frame26207.jpg,[0.14098972]
face_tommy_frame26208.jpg,[0.15033466]
face_tommy_frame26209.jpg,[0.19103223]
face_tommy_frame26210.jpg,[0.18760552]
face_tommy_frame26211.jpg,[0.23673731]
face_tommy_frame26212.jpg,[0.15834962]
face_tommy_frame26213.jpg,[0.1878656]
face_tommy_frame26214.jpg,[0.21807829]
face_tommy_frame26215.jpg,[0.18407606]
face_tommy_frame26242.jpg,[0.10153607]
face_tommy_frame26243.jpg,[0.15338404]
face_tommy_frame26244.jpg,[0.20354316]
face_tommy_frame26245.jpg,[0.19810495]
face_tommy_frame26246.jpg,[0.2224467]
face_tommy_frame26247.jpg,[0.23813455]
face_tommy_frame26248.jpg,[0.2022471]
face_tommy_frame26249.jpg,[0.40452668]
face_tommy_frame26250.jpg,[0.31270677]
face_tommy_frame26251.jpg,[0.24543409]
face_tommy_frame26252.jpg,[0.23564708]
face_tommy_frame26253.jpg,[0.27788702]
face_tommy_frame26254.jpg,[0.40403602]
face_tommy_frame26255.jpg,[0.24737449]
face_tommy_frame26256.jpg,[0.08894429]
face_tommy_frame26257.jpg,[0.14438334]
face_tommy_frame26258.jpg,[0.12504198]
face_tommy_frame26259.jpg,[0.18668155]
face_tommy_frame26260.jpg,[0.20638797]
face_tommy_frame26261.jpg,[0.21265717]
face_tommy_frame26262.jpg,[0.24191035]
face_tommy_frame26263.jpg,[0.31806198]
face_tommy_frame26264.jpg,[0.11557867]
face_tommy_frame26265.jpg,[0.27028862]
face_tommy_frame26266.jpg,[0.16908754]
face_tommy_frame26267.jpg,[0.1195577]
face_tommy_frame26286.jpg,[0.2441706]
face_tommy_frame26287.jpg,[0.24695936]
face_tommy_frame26288.jpg,[0.21148804]
face_tommy_frame26289.jpg,[0.32429257]
face_tommy_frame26290.jpg,[0.23609884]
face_tommy_frame26291.jpg,[0.20928548]
face_tommy_frame26292.jpg,[0.15931842]
face_tommy_frame26293.jpg,[0.21284702]
face_tommy_frame26294.jpg,[0.20580086]
face_tommy_frame26295.jpg,[0.19170094]
face_tommy_frame26296.jpg,[0.2969015]
face_tommy_frame26297.jpg,[0.22963367]
face_tommy_frame26298.jpg,[0.287347]
face_tommy_frame26299.jpg,[0.32536083]
face_tommy_frame26300.jpg,[0.35674977]
face_tommy_frame26301.jpg,[0.3782351]
face_tommy_frame26302.jpg,[0.3340967]
face_tommy_frame26303.jpg,[0.37968004]
face_tommy_frame26316.jpg,[0.24053437]
face_tommy_frame26317.jpg,[0.33607206]
face_tommy_frame26318.jpg,[0.3060183]
face_tommy_frame26319.jpg,[0.19475722]
face_tommy_frame26320.jpg,[0.28155538]
face_tommy_frame26321.jpg,[0.28190243]
face_tommy_frame26322.jpg,[0.34796444]
face_tommy_frame26323.jpg,[0.17684227]
face_tommy_frame26324.jpg,[0.1598273]
face_tommy_frame26325.jpg,[0.34063163]
face_tommy_frame26326.jpg,[0.24952477]
face_tommy_frame26327.jpg,[0.26261732]
face_tommy_frame26328.jpg,[0.2514059]
face_tommy_frame26360.jpg,[0.14425007]
face_tommy_frame26373.jpg,[0.12133635]
face_tommy_frame26584.jpg,[0.16683969]
face_tommy_frame26585.jpg,[0.17927594]
face_tommy_frame26586.jpg,[0.1770353]
face_tommy_frame26587.jpg,[0.16141704]
face_tommy_frame26590.jpg,[0.17087436]
face_tommy_frame26591.jpg,[0.18838601]
face_tommy_frame26594.jpg,[0.17683546]
face_tommy_frame26596.jpg,[0.21742764]
face_tommy_frame26597.jpg,[0.20905825]
face_tommy_frame26674.jpg,[0.19061054]
face_tommy_frame26675.jpg,[0.19603948]
face_tommy_frame26676.jpg,[0.2527934]
face_tommy_frame26717.jpg,[0.29856023]
face_tommy_frame26718.jpg,[0.43498865]
face_tommy_frame26719.jpg,[0.39023176]
face_tommy_frame26720.jpg,[0.3109637]
face_tommy_frame26752.jpg,[0.15212052]
face_tommy_frame26780.jpg,[0.26585445]
face_tommy_frame26788.jpg,[0.24975118]
face_tommy_frame26856.jpg,[0.2803874]
face_tommy_frame26857.jpg,[0.26224738]
face_tommy_frame26858.jpg,[0.35259616]
face_tommy_frame26859.jpg,[0.34484145]
face_tommy_frame26862.jpg,[0.2593937]
face_tommy_frame26866.jpg,[0.48950183]
face_tommy_frame26867.jpg,[0.40050066]
face_tommy_frame26868.jpg,[0.47284517]
face_tommy_frame26872.jpg,[0.10167298]
face_tommy_frame26876.jpg,[0.22737615]
face_tommy_frame26878.jpg,[0.3198089]
face_tommy_frame26879.jpg,[0.38523698]
face_tommy_frame26883.jpg,[0.3090518]
face_tommy_frame26884.jpg,[0.21771078]
face_tommy_frame26885.jpg,[0.30377722]
face_tommy_frame26886.jpg,[0.3885188]
face_tommy_frame26887.jpg,[0.14099745]
face_tommy_frame26892.jpg,[0.35771808]
face_tommy_frame26893.jpg,[0.15437418]
face_tommy_frame26895.jpg,[0.33884156]
face_tommy_frame26896.jpg,[0.23157439]
face_tommy_frame26900.jpg,[0.32645947]
face_tommy_frame26902.jpg,[0.36327258]
face_tommy_frame26906.jpg,[0.28230196]
face_tommy_frame26908.jpg,[0.29375935]
face_tommy_frame26909.jpg,[0.16476947]
face_tommy_frame26910.jpg,[0.23589106]
face_tommy_frame26911.jpg,[0.19842158]
face_tommy_frame26912.jpg,[0.30916676]
face_tommy_frame26914.jpg,[0.27158365]
face_tommy_frame26915.jpg,[0.19621095]
face_tommy_frame26916.jpg,[0.24160482]
face_tommy_frame26917.jpg,[0.20908552]
face_tommy_frame26918.jpg,[0.1513426]
face_tommy_frame26919.jpg,[0.16192155]
face_tommy_frame26920.jpg,[0.21596588]
face_tommy_frame26921.jpg,[0.16515869]
face_tommy_frame26922.jpg,[0.2539056]
face_tommy_frame26923.jpg,[0.24727727]
face_tommy_frame26926.jpg,[0.18811658]
face_tommy_frame26927.jpg,[0.18865818]
face_tommy_frame26928.jpg,[0.1891888]
face_tommy_frame26933.jpg,[0.38850144]
face_tommy_frame26934.jpg,[0.30825654]
face_tommy_frame26938.jpg,[0.29327217]
face_tommy_frame26939.jpg,[0.3433241]
face_tommy_frame26942.jpg,[0.15993018]
face_tommy_frame26943.jpg,[0.16513532]
face_tommy_frame26944.jpg,[0.14669314]
face_tommy_frame26952.jpg,[0.2568054]
face_tommy_frame26953.jpg,[0.2001831]
face_tommy_frame26955.jpg,[0.31415063]
face_tommy_frame26956.jpg,[0.45164058]
face_tommy_frame26957.jpg,[0.24280937]
face_tommy_frame26963.jpg,[0.39125744]
face_tommy_frame26972.jpg,[0.05551004]
face_tommy_frame26973.jpg,[0.12650457]
face_tommy_frame26974.jpg,[0.12224131]
face_tommy_frame26975.jpg,[0.1293901]
face_tommy_frame26977.jpg,[0.24108739]
face_tommy_frame26978.jpg,[0.1798416]
face_tommy_frame26979.jpg,[0.2668699]
face_tommy_frame26980.jpg,[0.33245933]
face_tommy_frame26983.jpg,[0.35393387]
face_tommy_frame26987.jpg,[0.3863933]
face_tommy_frame26988.jpg,[0.44178247]
face_tommy_frame26991.jpg,[0.40218198]
face_tommy_frame26992.jpg,[0.19859463]
face_tommy_frame26993.jpg,[0.23432189]
face_tommy_frame26994.jpg,[0.2901827]
face_tommy_frame26995.jpg,[0.20883305]
face_tommy_frame26996.jpg,[0.3187301]
face_tommy_frame26997.jpg,[0.29844806]
face_tommy_frame26998.jpg,[0.08921719]
face_tommy_frame26999.jpg,[0.12738839]
face_tommy_frame27000.jpg,[0.1787157]
face_tommy_frame27001.jpg,[0.12346381]
face_tommy_frame27002.jpg,[0.20192039]
face_tommy_frame27003.jpg,[0.2431088]
face_tommy_frame27004.jpg,[0.35779312]
face_tommy_frame27005.jpg,[0.38425365]
face_tommy_frame27006.jpg,[0.49418485]
face_tommy_frame27007.jpg,[0.30171344]
face_tommy_frame27008.jpg,[0.33803633]
face_tommy_frame27009.jpg,[0.23477922]
face_tommy_frame27010.jpg,[0.25976616]
face_tommy_frame27011.jpg,[0.18171045]
face_tommy_frame27012.jpg,[0.35338753]
face_tommy_frame27013.jpg,[0.2543882]
face_tommy_frame27014.jpg,[0.21765764]
face_tommy_frame27015.jpg,[0.20314711]
face_tommy_frame27016.jpg,[0.20357169]
face_tommy_frame27017.jpg,[0.20627417]
face_tommy_frame27018.jpg,[0.2606462]
face_tommy_frame27019.jpg,[0.45576784]
face_tommy_frame27020.jpg,[0.47735912]
face_tommy_frame27021.jpg,[0.31014824]
face_tommy_frame27022.jpg,[0.3958791]
face_tommy_frame28117.jpg,[0.1595867]
face_tommy_frame28147.jpg,[0.35807988]
face_tommy_frame28148.jpg,[0.11509299]
face_tommy_frame28152.jpg,[0.14445147]
face_tommy_frame28153.jpg,[0.18811908]
face_tommy_frame28154.jpg,[0.21772344]
face_tommy_frame28155.jpg,[0.3072917]
face_tommy_frame28156.jpg,[0.12732403]
face_tommy_frame28157.jpg,[0.17579417]
face_tommy_frame28158.jpg,[0.1380397]
face_tommy_frame28159.jpg,[0.20598477]
face_tommy_frame28160.jpg,[0.1451295]
face_tommy_frame28162.jpg,[0.20802578]
face_tommy_frame28163.jpg,[0.1669307]
face_tommy_frame28164.jpg,[0.17551827]
face_tommy_frame28165.jpg,[0.18757221]
face_tommy_frame28166.jpg,[0.21739808]
face_tommy_frame28167.jpg,[0.19569384]
face_tommy_frame28168.jpg,[0.1916107]
face_tommy_frame28169.jpg,[0.26675618]
face_tommy_frame28170.jpg,[0.26727062]
face_tommy_frame28171.jpg,[0.267066]
face_tommy_frame28172.jpg,[0.28693497]
face_tommy_frame29089.jpg,[0.23230803]
face_tommy_frame29091.jpg,[0.3003676]
face_tommy_frame29093.jpg,[0.50364065]
face_tommy_frame29094.jpg,[0.5710087]
